Date,Time,ZCM,HPIM,PIM,LIFE,Event,Light,Temp,SleSco
04/22/2018,19:00:00,165,62583,3476.833,10000,0,6.609756,62.84722,0
04/22/2018,19:01:00,197,14246,791.4445,10000,0,38.95652,62.84722,0
04/22/2018,19:02:00,187,19492,1082.889,10000,0,24.12931,62.84722,0
04/22/2018,19:03:00,181,25019,1389.944,10000,0,2.236364,62.84722,0
04/22/2018,19:04:00,169,33943,1885.722,10000,0,2.090909,62.84722,0
04/22/2018,19:05:00,164,44806,2489.222,10000,0,1.436364,62.84722,0
04/22/2018,19:06:00,152,33502,1861.222,10000,0,15.66667,62.84722,0
04/22/2018,19:07:00,134,26274,1459.667,10000,0,7.487805,62.84722,0
04/22/2018,19:08:00,92,16496,916.4445,10000,0,1.290909,62.84722,0
04/22/2018,19:09:00,167,21731,1207.278,10000,0,1.654545,62.84722,0
04/22/2018,19:10:00,171,35193,1955.167,10000,0,1.072727,62.84722,0
04/22/2018,19:11:00,175,12266,681.4445,10000,0,0.1428571,62.84722,0
04/22/2018,19:12:00,158,20034,1113,10000,0,0.7142857,62.84722,0
04/22/2018,19:13:00,104,31373,1742.944,10000,0,1.4,62.84722,0
04/22/2018,19:14:00,194,12722,706.7778,10000,0,2.2,62.84722,0
04/22/2018,19:15:00,164,6948,386,10000,0,1.654545,62.84722,0
04/22/2018,19:16:00,187,9276,515.3333,10000,0,2.345454,62.84722,0
04/22/2018,19:17:00,167,20284,1126.889,10000,0,2.236364,62.84722,0
04/22/2018,19:18:00,150,36060,2003.333,10000,0,2.454545,62.84722,0
04/22/2018,19:19:00,77,13519,751.0555,10000,0,2.672727,62.84722,0
04/22/2018,19:20:00,162,27299,1516.611,10000,0,2.090909,62.84722,0
04/22/2018,19:21:00,178,42630,2368.333,10000,0,1.181818,61.46045,0
04/22/2018,19:22:00,157,18637,1035.389,10000,0,80.64602,62.84722,0
04/22/2018,19:23:00,166,59142,3285.667,10000,0,1.763636,62.84722,0
04/22/2018,19:24:00,176,5072,281.7778,10000,0,1.327273,62.15386,0
04/22/2018,19:25:00,178,4922,273.4445,10000,0,1.072727,62.15386,0
04/22/2018,19:26:00,150,3096,172,10000,0,1,62.50057,0
04/22/2018,19:27:00,194,3773,209.6111,10000,0,1.145455,62.15386,0
04/22/2018,19:28:00,206,53744,2985.778,10000,0,1.836364,62.84722,0
04/22/2018,19:29:00,156,26411,1467.278,10000,0,0,62.15386,0
04/22/2018,19:30:00,129,19109,1061.611,10000,0,0.2857143,62.15386,0
04/22/2018,19:31:00,84,1721,95.61111,10000,0,0.1428571,62.15386,0
04/22/2018,19:32:00,150,4992,277.3333,10000,0,0.1428571,62.15386,0
04/22/2018,19:33:00,162,4227,234.8333,10000,0,0.1428571,61.46045,0
04/22/2018,19:34:00,169,6288,349.3333,10000,0,0,62.15386,0
04/22/2018,19:35:00,135,13993,777.3889,10000,0,0,62.84722,0
04/22/2018,19:36:00,174,39724,2206.889,10000,0,6.902439,62.84722,0
04/22/2018,19:37:00,73,7624,423.5555,10000,0,43.69492,62.15386,0
04/22/2018,19:38:00,180,69039,3835.5,10000,0,21.18966,62.50057,0
04/22/2018,19:39:00,110,5611,311.7222,10000,0,7.195122,62.15386,0
04/22/2018,19:40:00,192,8004,444.6667,10000,0,2.418182,61.46045,0
04/22/2018,19:41:00,228,15228,846,10000,0,2.018182,61.46045,0
04/22/2018,19:42:00,218,55363,3075.722,10000,0,6.512195,62.15386,0
04/22/2018,19:43:00,186,35979,1998.833,10000,0,1.872727,61.46045,0
04/22/2018,19:44:00,174,31225,1734.722,10000,0,5.634146,61.46045,0
04/22/2018,19:45:00,202,19490,1082.778,10000,0,15.41667,62.15386,0
04/22/2018,19:46:00,214,22210,1233.889,10000,0,55.02885,61.46045,0
04/22/2018,19:47:00,274,80284,4460.222,10000,0,82.78632,61.46045,0
04/22/2018,19:48:00,192,29549,1641.611,10000,0,2.854545,61.46045,0
04/22/2018,19:49:00,104,5426,301.4445,10000,0,1.072727,61.46045,0
04/22/2018,19:50:00,187,40692,2260.667,10000,0,2.272727,61.46045,0
04/22/2018,19:51:00,178,21591,1199.5,10000,0,2.127273,61.46045,0
04/22/2018,19:52:00,121,13826,768.1111,10000,0,2.272727,61.46045,0
04/22/2018,19:53:00,92,910,50.55556,10000,0,1.363636,61.46045,0
04/22/2018,19:54:00,122,2210,122.7778,10000,0,1.909091,61.46045,0
04/22/2018,19:55:00,109,2065,114.7222,10000,0,2.054545,61.46045,0
04/22/2018,19:56:00,45,3891,216.1667,10000,0,1.436364,61.46045,0
04/22/2018,19:57:00,178,43454,2414.111,10000,0,1.254545,61.46045,0
04/22/2018,19:58:00,152,25599,1422.167,10000,0,4.560976,61.46045,0
04/22/2018,19:59:00,149,30645,1702.5,10000,0,2.054545,61.46045,0
04/22/2018,20:00:00,199,30134,1674.111,10000,0,2.709091,61.46045,0
04/22/2018,20:01:00,178,60179,3343.278,10000,0,9.439024,61.46045,0
04/22/2018,20:02:00,105,6355,353.0555,10000,0,0,61.46045,0
04/22/2018,20:03:00,142,20726,1151.444,10000,0,1.109091,61.46045,0
04/22/2018,20:04:00,171,38477,2137.611,10000,0,6.121951,61.46045,0
04/22/2018,20:05:00,167,32422,1801.222,10000,0,17.08333,61.46045,0
04/22/2018,20:06:00,182,23164,1286.889,10000,0,29.53448,61.46045,0
04/22/2018,20:07:00,172,52530,2918.333,10000,0,2.672727,61.46045,0
04/22/2018,20:08:00,109,2854,158.5556,10000,0,0,61.46045,0
04/22/2018,20:09:00,182,65962,3664.556,10000,0,0.8571429,61.46045,0
04/22/2018,20:10:00,200,18708,1039.333,10000,0,1.727273,61.46045,0
04/22/2018,20:11:00,172,40580,2254.444,10000,0,1.109091,61.46045,0
04/22/2018,20:12:00,160,34190,1899.444,10000,0,1,61.46045,0
04/22/2018,20:13:00,199,36089,2004.944,10000,0,1,61.46045,0
04/22/2018,20:14:00,158,46667,2592.611,10000,0,1.909091,61.46045,0
04/22/2018,20:15:00,110,2647,147.0556,10000,0,1.327273,61.46045,0
04/22/2018,20:16:00,180,3948,219.3333,10000,0,1.509091,61.46045,0
04/22/2018,20:17:00,160,3723,206.8333,10000,0,1.872727,61.46045,0
04/22/2018,20:18:00,159,34107,1894.833,10000,0,2.309091,62.15386,0
04/22/2018,20:19:00,160,18674,1037.444,10000,0,9.04878,61.46045,0
04/22/2018,20:20:00,187,42748,2374.889,10000,0,7.97561,62.15386,0
04/22/2018,20:21:00,204,21367,1187.056,10000,0,0.2857143,61.46045,0
04/22/2018,20:22:00,187,17300,961.1111,10000,0,0,61.46045,0
04/22/2018,20:23:00,178,95544,5308,10000,0,0.5714286,62.15386,0
04/22/2018,20:24:00,144,15976,887.5555,10000,0,0.7142857,62.15386,0
04/22/2018,20:25:00,157,21284,1182.444,10000,0,1.145455,62.15386,0
04/22/2018,20:26:00,171,28934,1607.444,10000,0,1.181818,62.50057,0
04/22/2018,20:27:00,130,8086,449.2222,10000,0,1.181818,62.15386,0
04/22/2018,20:28:00,134,31663,1759.056,10000,0,0,62.15386,0
04/22/2018,20:29:00,154,13557,753.1667,10000,0,1.945455,62.84722,0
04/22/2018,20:30:00,140,20199,1122.167,10000,0,3.292683,62.84722,0
04/22/2018,20:31:00,193,44656,2480.889,10000,0,52.77885,62.15386,0
04/22/2018,20:32:00,154,40190,2232.778,10000,0,1.218182,62.84722,0
04/22/2018,20:33:00,139,15149,841.6111,10000,0,3.585366,62.84722,0
04/22/2018,20:34:00,58,1045,58.05556,10000,0,2.418182,62.84722,0
04/22/2018,20:35:00,58,383,21.27778,10000,0,2.018182,62.50057,0
04/22/2018,20:36:00,152,52135,2896.389,10000,0,1.145455,62.84722,0
04/22/2018,20:37:00,156,57873,3215.167,10000,0,134.7986,62.15386,0
04/22/2018,20:38:00,139,31201,1733.389,10000,0,1.290909,62.84722,0
04/22/2018,20:39:00,238,29752,1652.889,10000,0,2.490909,61.46045,0
04/22/2018,20:40:00,198,25965,1442.5,10000,0,2.490909,62.15386,0
04/22/2018,20:41:00,185,65962,3664.556,10000,0,0.7142857,62.15386,0
04/22/2018,20:42:00,183,26321,1462.278,10000,0,2.636364,62.15386,0
04/22/2018,20:43:00,180,33182,1843.444,10000,0,1.436364,62.15386,0
04/22/2018,20:44:00,170,21440,1191.111,10000,0,2.490909,62.15386,0
04/22/2018,20:45:00,146,38656,2147.556,10000,0,2.163636,62.84722,0
04/22/2018,20:46:00,53,11288,627.1111,10000,0,1.436364,62.84722,0
04/22/2018,20:47:00,45,1713,95.16666,10000,0,1.218182,62.15386,0
04/22/2018,20:48:00,84,1080,60,10000,0,9.243902,62.84722,0
04/22/2018,20:49:00,97,1804,100.2222,10000,0,1.690909,62.15386,0
04/22/2018,20:50:00,43,630,35,10000,0,5.926829,62.84722,0
04/22/2018,20:51:00,56,1340,74.44444,10000,0,6.609756,62.84722,0
04/22/2018,20:52:00,46,1011,56.16667,10000,0,6.804878,62.15386,0
04/22/2018,20:53:00,61,10928,607.1111,10000,0,2.018182,62.50057,0
04/22/2018,20:54:00,50,422,23.44444,10000,0,0,62.15386,0
04/22/2018,20:55:00,178,64308,3572.667,10000,0,3.390244,62.15386,0
04/22/2018,20:56:00,176,12225,679.1667,10000,0,35.30435,62.15386,0
04/22/2018,20:57:00,32,364,20.22222,10000,0,74.71681,62.15386,0
04/22/2018,20:58:00,99,7612,422.8889,10000,0,63.5,61.46045,0
04/22/2018,20:59:00,186,26452,1469.556,10000,0,20.5,62.15386,0
04/22/2018,21:00:00,78,3466,192.5556,10000,0,0.1428571,62.84722,0
04/22/2018,21:01:00,107,10114,561.8889,10000,0,1,62.15386,0
04/22/2018,21:02:00,150,33296,1849.778,10000,0,2.127273,61.46045,0
04/22/2018,21:03:00,208,35208,1956,10000,0,7.097561,61.46045,0
04/22/2018,21:04:00,198,14370,798.3333,10000,0,1.654545,61.46045,0
04/22/2018,21:05:00,238,94677,5259.833,10000,0,1.509091,61.46045,0
04/22/2018,21:06:00,192,34860,1936.667,10000,0,2.018182,61.46045,0
04/22/2018,21:07:00,267,150666,8370.333,10000,0,0.4285714,61.46045,0
04/22/2018,21:08:00,320,454955,25275.28,10000,0,0,61.46045,0
04/22/2018,21:09:00,294,334263,18570.17,10000,0,0,61.46045,0
04/22/2018,21:10:00,272,86885,4826.944,10000,0,0,60.76709,0
04/22/2018,21:11:00,279,92652,5147.333,10000,0,0,60.76709,0
04/22/2018,21:12:00,299,53097,2949.833,10000,0,0,60.76709,0
04/22/2018,21:13:00,269,55827,3101.5,10000,0,0,60.07368,0
04/22/2018,21:14:00,261,67931,3773.944,10000,0,0,60.76709,0
04/22/2018,21:15:00,134,11376,632,10000,0,0,60.07368,0
04/22/2018,21:16:00,268,46407,2578.167,10000,0,0,60.07368,0
04/22/2018,21:17:00,288,66808,3711.556,10000,0,0.2857143,60.07368,0
04/22/2018,21:18:00,276,50478,2804.333,10000,0,0.1428571,60.76709,0
04/22/2018,21:19:00,274,69776,3876.444,10000,0,0,60.07368,0
04/22/2018,21:20:00,298,72344,4019.111,10000,0,0,60.76709,0
04/22/2018,21:21:00,285,119602,6644.556,10000,0,0,60.76709,0
04/22/2018,21:22:00,299,60363,3353.5,10000,0,0,60.76709,0
04/22/2018,21:23:00,307,82710,4595,10000,0,0,60.76709,0
04/22/2018,21:24:00,297,92055,5114.167,10000,0,0,60.76709,0
04/22/2018,21:25:00,278,184021,10223.39,10000,0,0,60.76709,0
04/22/2018,21:26:00,287,215848,11991.56,10000,0,0.1428571,60.07368,0
04/22/2018,21:27:00,248,176369,9798.277,10000,0,0,60.07368,0
04/22/2018,21:28:00,314,232159,12897.72,10000,0,0,60.76709,0
04/22/2018,21:29:00,221,49397,2744.278,10000,0,0,60.07368,0
04/22/2018,21:30:00,283,157047,8724.833,10000,0,0.2857143,60.07368,0
04/22/2018,21:31:00,306,264979,14721.06,10000,0,4.073171,60.07368,0
04/22/2018,21:32:00,298,224701,12483.39,10000,0,6.609756,60.07368,0
04/22/2018,21:33:00,252,129171,7176.167,10000,0,0.4285714,60.07368,0
04/22/2018,21:34:00,275,135071,7503.944,10000,0,1.218182,60.07368,0
04/22/2018,21:35:00,289,127571,7087.278,10000,0,0,60.07368,0
04/22/2018,21:36:00,262,129565,7198.056,10000,0,0,60.07368,0
04/22/2018,21:37:00,270,109735,6096.389,10000,0,1.254545,58.68691,0
04/22/2018,21:38:00,168,82757,4597.611,10000,0,0.7142857,58.68691,0
04/22/2018,21:39:00,188,40777,2265.389,10000,0,0.2857143,58.68691,0
04/22/2018,21:40:00,193,41358,2297.667,10000,0,0.2857143,58.68691,0
04/22/2018,21:41:00,96,2383,132.3889,10000,0,1.036364,58.68691,0
04/22/2018,21:42:00,148,43057,2392.056,10000,0,1,60.07368,0
04/22/2018,21:43:00,174,21743,1207.944,10000,0,1.036364,60.07368,0
04/22/2018,21:44:00,135,19017,1056.5,10000,0,1,60.07368,0
04/22/2018,21:45:00,113,22964,1275.778,10000,0,9.243902,60.07368,0
04/22/2018,21:46:00,168,8185,454.7222,10000,0,0,60.07368,0
04/22/2018,21:47:00,237,157881,8771.167,10000,0,2.236364,60.07368,0
04/22/2018,21:48:00,164,24157,1342.056,10000,0,0,60.07368,0
04/22/2018,21:49:00,175,15527,862.6111,10000,0,0,60.07368,0
04/22/2018,21:50:00,181,21982,1221.222,10000,0,0.2857143,60.07368,0
04/22/2018,21:51:00,199,45165,2509.167,10000,0,0.4285714,60.07368,0
04/22/2018,21:52:00,256,34586,1921.444,10000,0,0.2857143,60.07368,0
04/22/2018,21:53:00,211,37928,2107.111,10000,0,0.4285714,60.07368,0
04/22/2018,21:54:00,251,37804,2100.222,10000,0,0.1428571,60.07368,0
04/22/2018,21:55:00,251,37410,2078.333,10000,0,3.195122,60.07368,0
04/22/2018,21:56:00,267,40292,2238.444,10000,0,0.7142857,60.07368,0
04/22/2018,21:57:00,260,48754,2708.556,10000,0,0.5714286,58.68691,0
04/22/2018,21:58:00,192,38063,2114.611,10000,0,0.2857143,59.72697,0
04/22/2018,21:59:00,248,38370,2131.667,10000,0,0.2857143,58.68691,0
04/22/2018,22:00:00,196,38421,2134.5,10000,0,0.4285714,58.68691,0
04/22/2018,22:01:00,247,49818,2767.667,10000,0,0.2857143,58.68691,0
04/22/2018,22:02:00,251,28918,1606.556,10000,0,0.4285714,58.68691,0
04/22/2018,22:03:00,244,46334,2574.111,10000,0,0.4285714,58.68691,0
04/22/2018,22:04:00,185,31558,1753.222,10000,0,1,58.68691,0
04/22/2018,22:05:00,221,37725,2095.833,10000,0,0.7142857,58.68691,0
04/22/2018,22:06:00,196,25415,1411.944,10000,0,0.5714286,58.68691,0
04/22/2018,22:07:00,188,39118,2173.222,10000,0,41.73913,58.68691,0
04/22/2018,22:08:00,208,32733,1818.5,10000,0,0.2857143,58.68691,0
04/22/2018,22:09:00,244,40658,2258.778,10000,0,0.2857143,58.68691,0
04/22/2018,22:10:00,200,45338,2518.778,10000,0,0.4285714,58.68691,0
04/22/2018,22:11:00,170,16289,904.9445,10000,0,0.2857143,58.68691,0
04/22/2018,22:12:00,99,6139,341.0555,10000,0,0.1428571,58.68691,0
04/22/2018,22:13:00,192,46045,2558.056,10000,0,0.2857143,58.68691,0
04/22/2018,22:14:00,192,75877,4215.389,10000,0,0,58.68691,0
04/22/2018,22:15:00,161,53698,2983.222,10000,0,0,58.68691,0
04/22/2018,22:16:00,176,55457,3080.944,10000,0,0,58.68691,0
04/22/2018,22:17:00,129,27845,1546.944,10000,0,0,60.07368,0
04/22/2018,22:18:00,95,5539,307.7222,10000,0,0,58.68691,0
04/22/2018,22:19:00,218,97168,5398.222,10000,0,0,60.07368,0
04/22/2018,22:20:00,290,115670,6426.111,10000,0,0,60.07368,0
04/22/2018,22:21:00,272,141395,7855.278,10000,0,0.1428571,60.07368,0
04/22/2018,22:22:00,208,103026,5723.667,10000,0,0,58.68691,0
04/22/2018,22:23:00,145,10532,585.1111,10000,0,0,59.72697,0
04/22/2018,22:24:00,98,33929,1884.944,10000,0,0,60.07368,0
04/22/2018,22:25:00,202,84233,4679.611,10000,0,0,60.07368,0
04/22/2018,22:26:00,188,31789,1766.056,10000,0,5.829268,60.07368,0
04/22/2018,22:27:00,52,9062,503.4445,10000,0,10.80488,60.07368,0
04/22/2018,22:28:00,198,47459,2636.611,10000,0,3.878049,60.07368,0
04/22/2018,22:29:00,240,41720,2317.778,10000,0,9.243902,60.07368,0
04/22/2018,22:30:00,181,43259,2403.278,10000,0,10.60976,60.07368,0
04/22/2018,22:31:00,161,28295,1571.944,10000,0,13.16667,60.07368,0
04/22/2018,22:32:00,167,29081,1615.611,10000,0,3.780488,60.76709,0
04/22/2018,22:33:00,220,26278,1459.889,10000,0,8.756098,60.76709,0
04/22/2018,22:34:00,151,20648,1147.111,10000,0,11.33333,61.46045,0
04/22/2018,22:35:00,92,3167,175.9444,10000,0,14.41667,61.46045,0
04/22/2018,22:36:00,173,23553,1308.5,10000,0,2.490909,61.46045,0
04/22/2018,22:37:00,49,426,23.66667,10000,0,0,61.46045,0
04/22/2018,22:38:00,154,39832,2212.889,10000,0,5.341464,61.46045,0
04/22/2018,22:39:00,109,13930,773.8889,10000,0,7.195122,62.15386,0
04/22/2018,22:40:00,134,15692,871.7778,10000,0,2.709091,62.84722,0
04/22/2018,22:41:00,227,54619,3034.389,10000,0,7.195122,62.84722,0
04/22/2018,22:42:00,144,29053,1614.056,10000,0,1.763636,62.84722,0
04/22/2018,22:43:00,187,33677,1870.944,10000,0,3.780488,62.84722,0
04/22/2018,22:44:00,173,34227,1901.5,10000,0,4.463415,62.84722,0
04/22/2018,22:45:00,181,28558,1586.556,10000,0,2.672727,62.84722,0
04/22/2018,22:46:00,196,34634,1924.111,10000,0,2.381818,62.84722,0
04/22/2018,22:47:00,240,75609,4200.5,10000,0,1.909091,62.84722,0
04/22/2018,22:48:00,206,40971,2276.167,10000,0,4.365854,62.84722,0
04/22/2018,22:49:00,178,39505,2194.722,10000,0,2.709091,62.84722,0
04/22/2018,22:50:00,231,33629,1868.278,10000,0,8.268292,62.84722,0
04/22/2018,22:51:00,150,11875,659.7222,10000,0,1.872727,62.84722,0
04/22/2018,22:52:00,89,2833,157.3889,10000,0,2.272727,62.84722,0
04/22/2018,22:53:00,163,27405,1522.5,10000,0,2.381818,62.84722,0
04/22/2018,22:54:00,154,20032,1112.889,10000,0,2.272727,62.84722,0
04/22/2018,22:55:00,152,27705,1539.167,10000,0,3.390244,62.84722,0
04/22/2018,22:56:00,201,23919,1328.833,10000,0,2.054545,62.84722,0
04/22/2018,22:57:00,204,63276,3515.333,10000,0,8.95122,62.84722,0
04/22/2018,22:58:00,190,16856,936.4445,10000,0,24.22414,62.84722,0
04/22/2018,22:59:00,226,111008,6167.111,10000,0,2.927273,62.84722,0
04/22/2018,23:00:00,318,191837,10657.61,10000,0,1.4,62.84722,0
04/22/2018,23:01:00,306,273722,15206.78,10000,0,0.1428571,62.84722,0
04/22/2018,23:02:00,258,291610,16200.56,10000,0,0,62.84722,0
04/22/2018,23:03:00,247,55157,3064.278,10000,0,0,61.46045,0
04/22/2018,23:04:00,243,30857,1714.278,10000,0,0,61.46045,0
04/22/2018,23:05:00,262,69790,3877.222,10000,0,0,61.46045,0
04/22/2018,23:06:00,220,49984,2776.889,10000,0,0,61.11374,0
04/22/2018,23:07:00,229,37328,2073.778,10000,0,0,60.07368,0
04/22/2018,23:08:00,294,83885,4660.278,10000,0,0,60.07368,0
04/22/2018,23:09:00,194,38103,2116.833,10000,0,0,58.68691,0
04/22/2018,23:10:00,272,59164,3286.889,10000,0,0,58.68691,0
04/22/2018,23:11:00,216,23856,1325.333,10000,0,0,58.68691,0
04/22/2018,23:12:00,174,23497,1305.389,10000,0,0,58.68691,0
04/22/2018,23:13:00,204,36947,2052.611,10000,0,0,58.68691,0
04/22/2018,23:14:00,254,72251,4013.944,10000,0,0,57.99349,0
04/22/2018,23:15:00,279,73879,4104.389,10000,0,0,57.99349,0
04/22/2018,23:16:00,306,90191,5010.611,10000,0,0,57.99349,0
04/22/2018,23:17:00,252,87699,4872.167,10000,0,0,57.30014,0
04/22/2018,23:18:00,297,93046,5169.222,10000,0,0,57.30014,0
04/22/2018,23:19:00,291,31524,1751.333,10000,0,0,56.95343,0
04/22/2018,23:20:00,289,31431,1746.167,10000,0,0,56.60672,0
04/22/2018,23:21:00,281,26584,1476.889,10000,0,0,57.30014,0
04/22/2018,23:22:00,262,20808,1156,10000,0,0,57.30014,0
04/22/2018,23:23:00,280,34487,1915.944,10000,0,0,57.30014,0
04/22/2018,23:24:00,271,79148,4397.111,10000,0,0,57.30014,0
04/22/2018,23:25:00,272,108045,6002.5,10000,0,0,57.30014,0
04/22/2018,23:26:00,291,161985,8999.167,10000,0,1.109091,57.30014,0
04/22/2018,23:27:00,296,218050,12113.89,10000,0,3.585366,57.30014,0
04/22/2018,23:28:00,228,202624,11256.89,10000,0,1.763636,55.91331,0
04/22/2018,23:29:00,226,78635,4368.611,10000,0,0,55.91331,0
04/22/2018,23:30:00,160,63269,3514.944,10000,0,0.8571429,57.30014,0
04/22/2018,23:31:00,139,69339,3852.167,10000,0,54.07692,57.30014,0
04/22/2018,23:32:00,9,63,3.5,10000,0,71.44247,57.30014,0
04/22/2018,23:33:00,10,109,6.055555,10000,0,70.16666,57.30014,0
04/22/2018,23:34:00,71,13968,776,10000,0,75.86726,56.95343,0
04/22/2018,23:35:00,18,20,1.111111,10000,0,79.67257,57.30014,0
04/22/2018,23:36:00,181,100467,5581.5,10000,0,53.21154,56.95343,0
04/22/2018,23:37:00,305,211172,11731.78,10000,0,1.581818,56.60672,0
04/22/2018,23:38:00,225,102645,5702.5,10000,0,0.2857143,56.60672,0
04/22/2018,23:39:00,308,320499,17805.5,10000,0,0.8571429,56.95343,0
04/22/2018,23:40:00,296,249137,13840.94,10000,0,1.218182,55.91331,0
04/22/2018,23:41:00,307,117139,6507.722,10000,0,1.8,56.95343,0
04/22/2018,23:42:00,212,159887,8882.611,10000,0,1.363636,56.60672,0
04/22/2018,23:43:00,11,69,3.833333,10000,0,0,56.95343,0
04/22/2018,23:44:00,0,0,0,10000,0,0,57.30014,0
04/22/2018,23:45:00,0,0,0,10000,0,0,57.30014,0
04/22/2018,23:46:00,0,0,0,10000,0,0,57.99349,0
04/22/2018,23:47:00,0,0,0,10000,0,0,57.99349,0
04/22/2018,23:48:00,40,2949,163.8333,10000,0,0,58.68691,0
04/22/2018,23:49:00,0,0,0,10000,0,0,58.68691,0
04/22/2018,23:50:00,0,0,0,10000,0,0,58.68691,1
04/22/2018,23:51:00,13,104,5.777778,10000,0,0,58.68691,1
04/22/2018,23:52:00,0,0,0,10000,0,0,58.68691,1
04/22/2018,23:53:00,0,0,0,10000,0,0,58.68691,1
04/22/2018,23:54:00,12,54,3,10000,0,0,60.07368,1
04/22/2018,23:55:00,6,20,1.111111,10000,0,0,60.07368,1
04/22/2018,23:56:00,0,0,0,10000,0,0,60.07368,1
04/22/2018,23:57:00,0,0,0,10000,0,0,60.07368,1
04/22/2018,23:58:00,7,39,2.166667,10000,0,0,60.76709,1
04/22/2018,23:59:00,0,0,0,10000,0,0,60.76709,1
04/23/2018,00:00:00,0,0,0,10000,0,0,61.46045,1
04/23/2018,00:01:00,0,0,0,10000,0,0,61.46045,1
04/23/2018,00:02:00,0,0,0,10000,0,0,61.46045,1
04/23/2018,00:03:00,0,0,0,10000,0,0,61.46045,1
04/23/2018,00:04:00,0,0,0,10000,0,0,61.46045,1
04/23/2018,00:05:00,0,0,0,10000,0,0,61.46045,1
04/23/2018,00:06:00,0,0,0,10000,0,0,61.46045,1
04/23/2018,00:07:00,0,0,0,10000,0,0,61.46045,1
04/23/2018,00:08:00,0,0,0,10000,0,0,61.46045,1
04/23/2018,00:09:00,0,0,0,10000,0,0,61.46045,1
04/23/2018,00:10:00,0,0,0,10000,0,0,61.46045,1
04/23/2018,00:11:00,0,0,0,10000,0,0,61.46045,1
04/23/2018,00:12:00,0,0,0,10000,0,0,62.50057,1
04/23/2018,00:13:00,0,0,0,10000,0,0,61.46045,1
04/23/2018,00:14:00,0,0,0,10000,0,0,62.15386,1
04/23/2018,00:15:00,0,0,0,10000,0,0,62.15386,1
04/23/2018,00:16:00,0,0,0,10000,0,0,62.84722,1
04/23/2018,00:17:00,0,0,0,10000,0,0,62.84722,1
04/23/2018,00:18:00,0,0,0,10000,0,0,62.84722,1
04/23/2018,00:19:00,0,0,0,10000,0,0,62.84722,1
04/23/2018,00:20:00,0,0,0,10000,0,0,62.84722,1
04/23/2018,00:21:00,0,0,0,10000,0,0,62.84722,1
04/23/2018,00:22:00,0,0,0,10000,0,0,62.84722,1
04/23/2018,00:23:00,0,0,0,10000,0,0,62.84722,1
04/23/2018,00:24:00,0,0,0,10000,0,0,62.84722,1
04/23/2018,00:25:00,0,0,0,10000,0,0,62.84722,1
04/23/2018,00:26:00,0,0,0,10000,0,0,62.84722,1
04/23/2018,00:27:00,0,0,0,10000,0,0,63.54063,1
04/23/2018,00:28:00,0,0,0,10000,0,0,63.54063,1
04/23/2018,00:29:00,0,0,0,10000,0,0,63.54063,1
04/23/2018,00:30:00,0,0,0,10000,0,0,63.88734,1
04/23/2018,00:31:00,12,671,37.27778,10000,0,0,63.54063,1
04/23/2018,00:32:00,0,0,0,10000,0,0,63.54063,1
04/23/2018,00:33:00,96,17771,987.2778,10000,0,0,64.23405,1
04/23/2018,00:34:00,12,64,3.555556,10000,0,0,63.54063,1
04/23/2018,00:35:00,0,0,0,10000,0,0,62.84722,1
04/23/2018,00:36:00,40,7502,416.7778,10000,0,0,62.84722,1
04/23/2018,00:37:00,4,16,0.8888889,10000,0,0,62.84722,1
04/23/2018,00:38:00,0,0,0,10000,0,0,62.84722,1
04/23/2018,00:39:00,2,6,0.3333333,10000,0,0,62.84722,1
04/23/2018,00:40:00,0,0,0,10000,0,0,63.54063,1
04/23/2018,00:41:00,0,0,0,10000,0,0,63.54063,1
04/23/2018,00:42:00,0,0,0,10000,0,0,63.54063,1
04/23/2018,00:43:00,0,0,0,10000,0,0,64.23405,1
04/23/2018,00:44:00,0,0,0,10000,0,0,64.23405,1
04/23/2018,00:45:00,0,0,0,10000,0,0,64.23405,1
04/23/2018,00:46:00,0,0,0,10000,0,0,64.23405,1
04/23/2018,00:47:00,0,0,0,10000,0,0,64.23405,1
04/23/2018,00:48:00,4,13,0.7222222,10000,0,0,64.23405,1
04/23/2018,00:49:00,0,0,0,10000,0,0,64.23405,1
04/23/2018,00:50:00,0,0,0,10000,0,0,64.23405,1
04/23/2018,00:51:00,0,0,0,10000,0,0,64.9274,1
04/23/2018,00:52:00,0,0,0,10000,0,0,64.23405,1
04/23/2018,00:53:00,0,0,0,10000,0,0,64.9274,1
04/23/2018,00:54:00,0,0,0,10000,0,0,65.62082,1
04/23/2018,00:55:00,0,0,0,10000,0,0,65.62082,1
04/23/2018,00:56:00,0,0,0,10000,0,0,65.62082,1
04/23/2018,00:57:00,0,0,0,10000,0,0,65.62082,1
04/23/2018,00:58:00,0,0,0,10000,0,0,65.62082,1
04/23/2018,00:59:00,0,0,0,10000,0,0,65.62082,1
04/23/2018,01:00:00,135,79328,4407.111,10000,0,0,65.62082,0
04/23/2018,01:01:00,0,0,0,10000,0,0.2857143,65.62082,1
04/23/2018,01:02:00,0,0,0,10000,0,0.2857143,64.9274,1
04/23/2018,01:03:00,0,0,0,10000,0,0.1428571,64.23405,1
04/23/2018,01:04:00,0,0,0,10000,0,0,64.23405,1
04/23/2018,01:05:00,42,178,9.888889,10000,0,0,63.54063,1
04/23/2018,01:06:00,39,204,11.33333,10000,0,0,62.84722,1
04/23/2018,01:07:00,0,0,0,10000,0,0,62.84722,1
04/23/2018,01:08:00,0,0,0,10000,0,0,62.84722,1
04/23/2018,01:09:00,0,0,0,10000,0,0,62.84722,1
04/23/2018,01:10:00,0,0,0,10000,0,0,62.84722,1
04/23/2018,01:11:00,0,0,0,10000,0,0,61.46045,1
04/23/2018,01:12:00,0,0,0,10000,0,0,61.46045,1
04/23/2018,01:13:00,0,0,0,10000,0,0,61.46045,1
04/23/2018,01:14:00,23,191,10.61111,10000,0,0,61.46045,1
04/23/2018,01:15:00,0,0,0,10000,0,0,61.46045,1
04/23/2018,01:16:00,20,39,2.166667,10000,0,0,61.46045,1
04/23/2018,01:17:00,0,0,0,10000,0,0,61.46045,1
04/23/2018,01:18:00,0,0,0,10000,0,0,61.46045,1
04/23/2018,01:19:00,0,0,0,10000,0,0,61.46045,1
04/23/2018,01:20:00,0,0,0,10000,0,0,61.46045,1
04/23/2018,01:21:00,0,0,0,10000,0,0,61.46045,1
04/23/2018,01:22:00,0,0,0,10000,0,0,61.46045,1
04/23/2018,01:23:00,0,0,0,10000,0,0,61.46045,1
04/23/2018,01:24:00,0,0,0,10000,0,0,61.46045,1
04/23/2018,01:25:00,0,0,0,10000,0,0,61.46045,1
04/23/2018,01:26:00,0,0,0,10000,0,0,61.46045,1
04/23/2018,01:27:00,0,0,0,10000,0,0,61.46045,1
04/23/2018,01:28:00,0,0,0,10000,0,0,61.46045,1
04/23/2018,01:29:00,0,0,0,10000,0,0,61.46045,1
04/23/2018,01:30:00,0,0,0,10000,0,0,61.46045,1
04/23/2018,01:31:00,0,0,0,10000,0,0,61.46045,1
04/23/2018,01:32:00,0,0,0,10000,0,0,61.46045,1
04/23/2018,01:33:00,0,0,0,10000,0,0,61.46045,1
04/23/2018,01:34:00,0,0,0,10000,0,0,61.46045,1
04/23/2018,01:35:00,0,0,0,10000,0,0,61.46045,1
04/23/2018,01:36:00,0,0,0,10000,0,0,61.46045,1
04/23/2018,01:37:00,0,0,0,10000,0,0,61.46045,1
04/23/2018,01:38:00,31,220,12.22222,10000,0,0,61.46045,1
04/23/2018,01:39:00,0,0,0,10000,0,0,61.46045,1
04/23/2018,01:40:00,2,8,0.4444444,10000,0,0,61.46045,1
04/23/2018,01:41:00,0,0,0,10000,0,0,61.46045,1
04/23/2018,01:42:00,0,0,0,10000,0,0,61.46045,1
04/23/2018,01:43:00,0,0,0,10000,0,0,61.46045,1
04/23/2018,01:44:00,0,0,0,10000,0,0,61.46045,1
04/23/2018,01:45:00,0,0,0,10000,0,0,61.46045,1
04/23/2018,01:46:00,0,0,0,10000,0,0,61.46045,1
04/23/2018,01:47:00,0,0,0,10000,0,0,61.46045,1
04/23/2018,01:48:00,2,7,0.3888889,10000,0,0,61.46045,1
04/23/2018,01:49:00,62,14992,832.8889,10000,0,0,61.46045,1
04/23/2018,01:50:00,38,3830,212.7778,10000,0,0,61.46045,1
04/23/2018,01:51:00,0,0,0,10000,0,0,61.46045,1
04/23/2018,01:52:00,0,0,0,10000,0,0,61.46045,1
04/23/2018,01:53:00,0,0,0,10000,0,0,60.76709,1
04/23/2018,01:54:00,0,0,0,10000,0,0,60.07368,1
04/23/2018,01:55:00,0,0,0,10000,0,0,60.76709,1
04/23/2018,01:56:00,0,0,0,10000,0,0,60.07368,1
04/23/2018,01:57:00,0,0,0,10000,0,0,60.07368,1
04/23/2018,01:58:00,0,0,0,10000,0,0,60.07368,1
04/23/2018,01:59:00,0,0,0,10000,0,0,60.07368,1
04/23/2018,02:00:00,0,0,0,10000,0,0,60.07368,1
04/23/2018,02:01:00,0,0,0,10000,0,0,60.07368,1
04/23/2018,02:02:00,0,0,0,10000,0,0,60.07368,1
04/23/2018,02:03:00,44,8579,476.6111,10000,0,0,60.07368,1
04/23/2018,02:04:00,31,3664,203.5556,10000,0,0,60.07368,1
04/23/2018,02:05:00,6,24,1.333333,10000,0,0,60.07368,1
04/23/2018,02:06:00,86,656,36.44444,10000,0,0,60.07368,1
04/23/2018,02:07:00,42,274,15.22222,10000,0,0,60.07368,1
04/23/2018,02:08:00,23,189,10.5,10000,0,0,60.07368,1
04/23/2018,02:09:00,14,67,3.722222,10000,0,0,60.07368,1
04/23/2018,02:10:00,0,0,0,10000,0,0,60.07368,1
04/23/2018,02:11:00,0,0,0,10000,0,0,60.07368,1
04/23/2018,02:12:00,0,0,0,10000,0,0,60.07368,1
04/23/2018,02:13:00,16,61,3.388889,10000,0,0,60.76709,1
04/23/2018,02:14:00,0,0,0,10000,0,0,60.07368,1
04/23/2018,02:15:00,0,0,0,10000,0,0,60.07368,1
04/23/2018,02:16:00,0,0,0,10000,0,0,60.07368,1
04/23/2018,02:17:00,10,58,3.222222,10000,0,0,60.07368,1
04/23/2018,02:18:00,0,0,0,10000,0,0,60.07368,1
04/23/2018,02:19:00,0,0,0,10000,0,0,60.07368,1
04/23/2018,02:20:00,0,0,0,10000,0,0,60.07368,1
04/23/2018,02:21:00,0,0,0,10000,0,0,60.07368,1
04/23/2018,02:22:00,44,6022,334.5555,10000,0,0,60.07368,1
04/23/2018,02:23:00,0,0,0,10000,0,0,60.07368,1
04/23/2018,02:24:00,0,0,0,10000,0,0,60.07368,1
04/23/2018,02:25:00,0,0,0,10000,0,0,60.07368,1
04/23/2018,02:26:00,0,0,0,10000,0,0,60.07368,1
04/23/2018,02:27:00,0,0,0,10000,0,0,60.07368,1
04/23/2018,02:28:00,0,0,0,10000,0,0,60.07368,1
04/23/2018,02:29:00,0,0,0,10000,0,0,60.07368,1
04/23/2018,02:30:00,0,0,0,10000,0,0,60.07368,1
04/23/2018,02:31:00,18,166,9.222222,10000,0,0,60.76709,1
04/23/2018,02:32:00,0,0,0,10000,0,0,60.07368,1
04/23/2018,02:33:00,0,0,0,10000,0,0,60.07368,1
04/23/2018,02:34:00,0,0,0,10000,0,0,60.07368,1
04/23/2018,02:35:00,0,0,0,10000,0,0,60.07368,1
04/23/2018,02:36:00,0,0,0,10000,0,0,60.07368,1
04/23/2018,02:37:00,0,0,0,10000,0,0,60.76709,1
04/23/2018,02:38:00,0,0,0,10000,0,0,60.07368,1
04/23/2018,02:39:00,0,0,0,10000,0,0,60.07368,1
04/23/2018,02:40:00,0,0,0,10000,0,0,60.76709,1
04/23/2018,02:41:00,0,0,0,10000,0,0,60.76709,1
04/23/2018,02:42:00,0,0,0,10000,0,0,60.76709,1
04/23/2018,02:43:00,47,448,24.88889,10000,0,0,60.76709,1
04/23/2018,02:44:00,0,0,0,10000,0,0,60.76709,1
04/23/2018,02:45:00,0,0,0,10000,0,0,60.76709,1
04/23/2018,02:46:00,0,0,0,10000,0,0,60.76709,1
04/23/2018,02:47:00,0,0,0,10000,0,0,60.76709,1
04/23/2018,02:48:00,0,0,0,10000,0,0,60.76709,1
04/23/2018,02:49:00,0,0,0,10000,0,0,60.76709,1
04/23/2018,02:50:00,0,0,0,10000,0,0,60.76709,1
04/23/2018,02:51:00,0,0,0,10000,0,0,60.76709,1
04/23/2018,02:52:00,0,0,0,10000,0,0,60.76709,1
04/23/2018,02:53:00,0,0,0,10000,0,0,60.76709,1
04/23/2018,02:54:00,0,0,0,10000,0,0,61.46045,1
04/23/2018,02:55:00,25,145,8.055555,10000,0,0,60.76709,1
04/23/2018,02:56:00,0,0,0,10000,0,0,61.46045,1
04/23/2018,02:57:00,0,0,0,10000,0,0,61.11374,1
04/23/2018,02:58:00,43,3962,220.1111,10000,0,0,61.46045,1
04/23/2018,02:59:00,28,4926,273.6667,10000,0,0,61.46045,1
04/23/2018,03:00:00,0,0,0,10000,0,0,61.46045,1
04/23/2018,03:01:00,0,0,0,10000,0,0,61.46045,1
04/23/2018,03:02:00,0,0,0,10000,0,0,61.46045,1
04/23/2018,03:03:00,0,0,0,10000,0,0,61.11374,1
04/23/2018,03:04:00,0,0,0,10000,0,0,61.46045,1
04/23/2018,03:05:00,0,0,0,10000,0,0,61.46045,1
04/23/2018,03:06:00,0,0,0,10000,0,0,60.76709,1
04/23/2018,03:07:00,0,0,0,10000,0,0,60.76709,1
04/23/2018,03:08:00,14,50,2.777778,10000,0,0,61.46045,1
04/23/2018,03:09:00,0,0,0,10000,0,0,60.76709,1
04/23/2018,03:10:00,0,0,0,10000,0,0,60.76709,1
04/23/2018,03:11:00,0,0,0,10000,0,0,60.76709,1
04/23/2018,03:12:00,0,0,0,10000,0,0,60.07368,1
04/23/2018,03:13:00,0,0,0,10000,0,0,60.76709,1
04/23/2018,03:14:00,0,0,0,10000,0,0,60.07368,1
04/23/2018,03:15:00,0,0,0,10000,0,0,60.07368,1
04/23/2018,03:16:00,0,0,0,10000,0,0,60.07368,1
04/23/2018,03:17:00,0,0,0,10000,0,0,60.76709,1
04/23/2018,03:18:00,0,0,0,10000,0,0,60.76709,1
04/23/2018,03:19:00,0,0,0,10000,0,0,60.07368,1
04/23/2018,03:20:00,0,0,0,10000,0,0,60.07368,1
04/23/2018,03:21:00,0,0,0,10000,0,0,60.07368,1
04/23/2018,03:22:00,0,0,0,10000,0,0,60.07368,1
04/23/2018,03:23:00,0,0,0,10000,0,0,60.07368,1
04/23/2018,03:24:00,0,0,0,10000,0,0,60.07368,1
04/23/2018,03:25:00,0,0,0,10000,0,0,60.07368,1
04/23/2018,03:26:00,0,0,0,10000,0,0,60.07368,1
04/23/2018,03:27:00,0,0,0,10000,0,0,60.07368,1
04/23/2018,03:28:00,0,0,0,10000,0,0,60.07368,1
04/23/2018,03:29:00,0,0,0,10000,0,0,60.07368,1
04/23/2018,03:30:00,0,0,0,10000,0,0,60.07368,1
04/23/2018,03:31:00,0,0,0,10000,0,0,60.07368,1
04/23/2018,03:32:00,0,0,0,10000,0,0,60.07368,1
04/23/2018,03:33:00,0,0,0,10000,0,0,60.07368,1
04/23/2018,03:34:00,0,0,0,10000,0,0,60.07368,1
04/23/2018,03:35:00,0,0,0,10000,0,0,58.68691,1
04/23/2018,03:36:00,0,0,0,10000,0,0,60.07368,1
04/23/2018,03:37:00,0,0,0,10000,0,0,59.72697,1
04/23/2018,03:38:00,80,40908,2272.667,10000,0,0,58.68691,1
04/23/2018,03:39:00,122,39220,2178.889,10000,0,0,58.68691,0
04/23/2018,03:40:00,0,0,0,10000,0,0,58.68691,1
04/23/2018,03:41:00,10,684,38,10000,0,0,58.68691,1
04/23/2018,03:42:00,0,0,0,10000,0,0,58.68691,1
04/23/2018,03:43:00,17,485,26.94444,10000,0,0,58.68691,1
04/23/2018,03:44:00,20,2162,120.1111,10000,0,0,58.68691,1
04/23/2018,03:45:00,0,0,0,10000,0,0,58.68691,1
04/23/2018,03:46:00,0,0,0,10000,0,0,58.68691,1
04/23/2018,03:47:00,0,0,0,10000,0,0,58.68691,1
04/23/2018,03:48:00,0,0,0,10000,0,0,58.68691,1
04/23/2018,03:49:00,19,148,8.222222,10000,0,0,58.68691,1
04/23/2018,03:50:00,79,566,31.44444,10000,0,0,58.68691,1
04/23/2018,03:51:00,0,0,0,10000,0,0,58.68691,1
04/23/2018,03:52:00,0,0,0,10000,0,0,58.68691,1
04/23/2018,03:53:00,83,764,42.44444,10000,0,0,58.68691,1
04/23/2018,03:54:00,0,0,0,10000,0,0,58.68691,1
04/23/2018,03:55:00,0,0,0,10000,0,0,58.68691,1
04/23/2018,03:56:00,0,0,0,10000,0,0,58.68691,1
04/23/2018,03:57:00,53,19151,1063.944,10000,0,0,58.68691,0
04/23/2018,03:58:00,107,44817,2489.833,10000,0,0,60.76709,0
04/23/2018,03:59:00,133,16468,914.8889,10000,0,0,61.46045,0
04/23/2018,04:00:00,0,0,0,10000,0,0,61.46045,1
04/23/2018,04:01:00,20,154,8.555555,10000,0,0,62.15386,1
04/23/2018,04:02:00,30,12788,710.4445,10000,0,0,62.84722,1
04/23/2018,04:03:00,0,0,0,10000,0,0,62.84722,1
04/23/2018,04:04:00,0,0,0,10000,0,0,62.84722,1
04/23/2018,04:05:00,0,0,0,10000,0,0,62.84722,1
04/23/2018,04:06:00,0,0,0,10000,0,0,63.54063,1
04/23/2018,04:07:00,0,0,0,10000,0,0,63.54063,1
04/23/2018,04:08:00,0,0,0,10000,0,0,63.88734,1
04/23/2018,04:09:00,0,0,0,10000,0,0,64.23405,1
04/23/2018,04:10:00,0,0,0,10000,0,0,63.88734,1
04/23/2018,04:11:00,14,213,11.83333,10000,0,0,64.23405,1
04/23/2018,04:12:00,0,0,0,10000,0,0,64.23405,1
04/23/2018,04:13:00,0,0,0,10000,0,0,64.23405,1
04/23/2018,04:14:00,0,0,0,10000,0,0,64.23405,1
04/23/2018,04:15:00,0,0,0,10000,0,0,64.23405,1
04/23/2018,04:16:00,0,0,0,10000,0,0,64.23405,1
04/23/2018,04:17:00,0,0,0,10000,0,0,65.27411,1
04/23/2018,04:18:00,0,0,0,10000,0,0,65.62082,1
04/23/2018,04:19:00,0,0,0,10000,0,0,65.62082,1
04/23/2018,04:20:00,0,0,0,10000,0,0,65.62082,1
04/23/2018,04:21:00,0,0,0,10000,0,0,65.62082,1
04/23/2018,04:22:00,2,7,0.3888889,10000,0,0,65.62082,1
04/23/2018,04:23:00,0,0,0,10000,0,0,65.62082,1
04/23/2018,04:24:00,85,43027,2390.389,10000,0,0,65.62082,1
04/23/2018,04:25:00,0,0,0,10000,0,0,65.62082,1
04/23/2018,04:26:00,47,24425,1356.944,10000,0,0,66.31417,1
04/23/2018,04:27:00,149,49732,2762.889,10000,0,0,66.31417,0
04/23/2018,04:28:00,8,27,1.5,10000,0,0,65.62082,1
04/23/2018,04:29:00,22,545,30.27778,10000,0,0,66.31417,1
04/23/2018,04:30:00,11,37,2.055556,10000,0,0,66.31417,1
04/23/2018,04:31:00,0,0,0,10000,0,0,67.00759,1
04/23/2018,04:32:00,0,0,0,10000,0,0,67.00759,1
04/23/2018,04:33:00,0,0,0,10000,0,0,67.00759,1
04/23/2018,04:34:00,46,16415,911.9445,10000,0,0,67.00759,1
04/23/2018,04:35:00,0,0,0,10000,0,0,67.00759,1
04/23/2018,04:36:00,0,0,0,10000,0,0,67.00759,1
04/23/2018,04:37:00,0,0,0,10000,0,0,67.00759,1
04/23/2018,04:38:00,0,0,0,10000,0,0,67.00759,1
04/23/2018,04:39:00,0,0,0,10000,0,0,66.31417,1
04/23/2018,04:40:00,0,0,0,10000,0,0,67.00759,1
04/23/2018,04:41:00,0,0,0,10000,0,0,67.00759,1
04/23/2018,04:42:00,0,0,0,10000,0,0,67.00759,1
04/23/2018,04:43:00,6,33,1.833333,10000,0,0,67.00759,1
04/23/2018,04:44:00,0,0,0,10000,0,0,67.00759,1
04/23/2018,04:45:00,0,0,0,10000,0,0,67.00759,1
04/23/2018,04:46:00,2,6,0.3333333,10000,0,0,67.00759,1
04/23/2018,04:47:00,0,0,0,10000,0,0,67.00759,1
04/23/2018,04:48:00,0,0,0,10000,0,0,67.00759,1
04/23/2018,04:49:00,0,0,0,10000,0,0,67.00759,1
04/23/2018,04:50:00,0,0,0,10000,0,0,67.00759,1
04/23/2018,04:51:00,0,0,0,10000,0,0,67.00759,1
04/23/2018,04:52:00,0,0,0,10000,0,0,67.00759,1
04/23/2018,04:53:00,0,0,0,10000,0,0,67.00759,1
04/23/2018,04:54:00,50,4031,223.9444,10000,0,0,67.00759,1
04/23/2018,04:55:00,0,0,0,10000,0,0,67.00759,1
04/23/2018,04:56:00,6,28,1.555556,10000,0,0,67.00759,1
04/23/2018,04:57:00,0,0,0,10000,0,0,66.31417,1
04/23/2018,04:58:00,53,13406,744.7778,10000,0,0,66.31417,1
04/23/2018,04:59:00,51,1844,102.4444,10000,0,0,66.31417,1
04/23/2018,05:00:00,16,86,4.777778,10000,0,0,66.31417,1
04/23/2018,05:01:00,52,6529,362.7222,10000,0,0,66.31417,1
04/23/2018,05:02:00,8,45,2.5,10000,0,0,66.31417,1
04/23/2018,05:03:00,0,0,0,10000,0,0,66.31417,1
04/23/2018,05:04:00,0,0,0,10000,0,0,66.31417,1
04/23/2018,05:05:00,0,0,0,10000,0,0,66.31417,1
04/23/2018,05:06:00,0,0,0,10000,0,0,66.66088,1
04/23/2018,05:07:00,0,0,0,10000,0,0,66.31417,1
04/23/2018,05:08:00,59,11905,661.3889,10000,0,0,66.31417,1
04/23/2018,05:09:00,4,17,0.9444444,10000,0,0,65.62082,1
04/23/2018,05:10:00,0,0,0,10000,0,0,65.62082,1
04/23/2018,05:11:00,0,0,0,10000,0,0,64.23405,1
04/23/2018,05:12:00,0,0,0,10000,0,0,64.23405,1
04/23/2018,05:13:00,0,0,0,10000,0,0,63.54063,1
04/23/2018,05:14:00,0,0,0,10000,0,0,62.84722,1
04/23/2018,05:15:00,0,0,0,10000,0,0,62.84722,1
04/23/2018,05:16:00,0,0,0,10000,0,0,61.46045,1
04/23/2018,05:17:00,0,0,0,10000,0,0,61.46045,1
04/23/2018,05:18:00,32,181,10.05556,10000,0,0,61.46045,1
04/23/2018,05:19:00,0,0,0,10000,0,0,61.46045,1
04/23/2018,05:20:00,0,0,0,10000,0,0,61.46045,1
04/23/2018,05:21:00,11,41,2.277778,10000,0,0,61.46045,1
04/23/2018,05:22:00,8,37,2.055556,10000,0,0,60.76709,1
04/23/2018,05:23:00,66,1152,64,10000,0,0,60.76709,1
04/23/2018,05:24:00,0,0,0,10000,0,0,60.76709,1
04/23/2018,05:25:00,0,0,0,10000,0,0,60.76709,1
04/23/2018,05:26:00,0,0,0,10000,0,0,60.07368,1
04/23/2018,05:27:00,0,0,0,10000,0,0,60.07368,1
04/23/2018,05:28:00,37,12059,669.9445,10000,0,0,60.07368,1
04/23/2018,05:29:00,0,0,0,10000,0,0,60.07368,1
04/23/2018,05:30:00,0,0,0,10000,0,0,60.76709,1
04/23/2018,05:31:00,0,0,0,10000,0,0,61.46045,1
04/23/2018,05:32:00,0,0,0,10000,0,0,61.46045,1
04/23/2018,05:33:00,0,0,0,10000,0,0,61.46045,1
04/23/2018,05:34:00,0,0,0,10000,0,0,61.46045,1
04/23/2018,05:35:00,0,0,0,10000,0,0,61.46045,1
04/23/2018,05:36:00,0,0,0,10000,0,0,61.46045,1
04/23/2018,05:37:00,0,0,0,10000,0,0,62.15386,1
04/23/2018,05:38:00,0,0,0,10000,0,0,62.84722,1
04/23/2018,05:39:00,52,231,12.83333,10000,0,0,62.84722,1
04/23/2018,05:40:00,0,0,0,10000,0,0,62.84722,1
04/23/2018,05:41:00,48,1528,84.88889,10000,0,0,62.84722,1
04/23/2018,05:42:00,0,0,0,10000,0,0,62.84722,1
04/23/2018,05:43:00,0,0,0,10000,0,0,62.84722,1
04/23/2018,05:44:00,0,0,0,10000,0,0,62.84722,1
04/23/2018,05:45:00,0,0,0,10000,0,0,62.84722,1
04/23/2018,05:46:00,0,0,0,10000,0,0,62.84722,1
04/23/2018,05:47:00,0,0,0,10000,0,0,62.84722,1
04/23/2018,05:48:00,0,0,0,10000,0,0,62.84722,1
04/23/2018,05:49:00,82,2804,155.7778,10000,0,0,62.84722,0
04/23/2018,05:50:00,173,92627,5145.944,10000,0,0,62.84722,0
04/23/2018,05:51:00,160,45471,2526.167,10000,0,0,62.84722,0
04/23/2018,05:52:00,298,252183,14010.17,10000,0,0,62.15386,0
04/23/2018,05:53:00,22,2304,128,10000,0,0,61.46045,0
04/23/2018,05:54:00,0,0,0,10000,0,0,61.46045,0
04/23/2018,05:55:00,0,0,0,10000,0,0,62.15386,0
04/23/2018,05:56:00,0,0,0,10000,0,0,62.15386,0
04/23/2018,05:57:00,0,0,0,10000,0,0,62.84722,0
04/23/2018,05:58:00,0,0,0,10000,0,0,62.84722,1
04/23/2018,05:59:00,0,0,0,10000,0,0,62.84722,1
04/23/2018,06:00:00,0,0,0,10000,0,0,62.84722,1
04/23/2018,06:01:00,0,0,0,10000,0,0,63.54063,1
04/23/2018,06:02:00,0,0,0,10000,0,0,64.23405,1
04/23/2018,06:03:00,0,0,0,10000,0,0,64.23405,1
04/23/2018,06:04:00,0,0,0,10000,0,0,64.23405,1
04/23/2018,06:05:00,0,0,0,10000,0,0,64.23405,1
04/23/2018,06:06:00,0,0,0,10000,0,0,64.23405,1
04/23/2018,06:07:00,0,0,0,10000,0,0,64.23405,1
04/23/2018,06:08:00,18,74,4.111111,10000,0,0,64.23405,1
04/23/2018,06:09:00,38,785,43.61111,10000,0,0,64.23405,1
04/23/2018,06:10:00,0,0,0,10000,0,0,64.23405,1
04/23/2018,06:11:00,0,0,0,10000,0,0,64.23405,1
04/23/2018,06:12:00,0,0,0,10000,0,0,64.23405,1
04/23/2018,06:13:00,0,0,0,10000,0,0,65.27411,1
04/23/2018,06:14:00,0,0,0,10000,0,0,65.62082,1
04/23/2018,06:15:00,32,503,27.94444,10000,0,0,65.62082,1
04/23/2018,06:16:00,0,0,0,10000,0,0,65.62082,1
04/23/2018,06:17:00,0,0,0,10000,0,0,65.62082,1
04/23/2018,06:18:00,0,0,0,10000,0,0,65.62082,1
04/23/2018,06:19:00,29,706,39.22222,10000,0,0,65.62082,1
04/23/2018,06:20:00,104,2397,133.1667,10000,0,0,65.62082,1
04/23/2018,06:21:00,0,0,0,10000,0,0,65.62082,1
04/23/2018,06:22:00,0,0,0,10000,0,0,65.62082,1
04/23/2018,06:23:00,62,1293,71.83334,10000,0,0,65.62082,1
04/23/2018,06:24:00,97,1922,106.7778,10000,0,0,65.62082,0
04/23/2018,06:25:00,0,0,0,10000,0,0,65.62082,1
04/23/2018,06:26:00,0,0,0,10000,0,0,65.62082,1
04/23/2018,06:27:00,0,0,0,10000,0,0,65.62082,1
04/23/2018,06:28:00,0,0,0,10000,0,0,65.62082,1
04/23/2018,06:29:00,0,0,0,10000,0,0,65.62082,1
04/23/2018,06:30:00,0,0,0,10000,0,0,65.62082,1
04/23/2018,06:31:00,0,0,0,10000,0,0,65.62082,1
04/23/2018,06:32:00,0,0,0,10000,0,0,65.62082,1
04/23/2018,06:33:00,2,50,2.777778,10000,0,0,65.62082,1
04/23/2018,06:34:00,62,13907,772.6111,10000,0,0,65.62082,1
04/23/2018,06:35:00,0,0,0,10000,0,0,65.62082,1
04/23/2018,06:36:00,0,0,0,10000,0,0,66.31417,1
04/23/2018,06:37:00,0,0,0,10000,0,0,66.31417,1
04/23/2018,06:38:00,3,9,0.5,10000,0,0,66.31417,1
04/23/2018,06:39:00,0,0,0,10000,0,0,67.00759,1
04/23/2018,06:40:00,45,634,35.22222,10000,0,0,67.00759,1
04/23/2018,06:41:00,0,0,0,10000,0,0,67.00759,1
04/23/2018,06:42:00,0,0,0,10000,0,0,67.00759,1
04/23/2018,06:43:00,75,16385,910.2778,10000,0,0,67.00759,1
04/23/2018,06:44:00,2,6,0.3333333,10000,0,0,66.31417,1
04/23/2018,06:45:00,0,0,0,10000,0,0,66.31417,1
04/23/2018,06:46:00,0,0,0,10000,0,0,65.62082,1
04/23/2018,06:47:00,0,0,0,10000,0,0,65.27411,1
04/23/2018,06:48:00,0,0,0,10000,0,0,64.23405,1
04/23/2018,06:49:00,0,0,0,10000,0,0,64.23405,1
04/23/2018,06:50:00,0,0,0,10000,0,0,63.54063,1
04/23/2018,06:51:00,90,44093,2449.611,10000,0,0,64.23405,1
04/23/2018,06:52:00,17,945,52.5,10000,0,0,64.23405,1
04/23/2018,06:53:00,0,0,0,10000,0,0,64.23405,1
04/23/2018,06:54:00,67,30952,1719.556,10000,0,0,63.54063,0
04/23/2018,06:55:00,242,179328,9962.667,10000,0,0,64.23405,0
04/23/2018,06:56:00,304,161000,8944.444,10000,0,0,64.23405,0
04/23/2018,06:57:00,284,138853,7714.056,10000,0,4.073171,63.54063,0
04/23/2018,06:58:00,126,23638,1313.222,10000,0,20.75,62.84722,0
04/23/2018,06:59:00,31,32,1.777778,10000,0,27.44828,62.84722,0
04/23/2018,07:00:00,154,101475,5637.5,10000,0,29.72414,62.84722,0
04/23/2018,07:01:00,299,238708,13261.56,10000,0,10.12195,62.84722,0
04/23/2018,07:02:00,274,167859,9325.5,10000,0,2.854545,61.46045,0
04/23/2018,07:03:00,233,122686,6815.889,10000,0,56.75962,61.46045,0
04/23/2018,07:04:00,279,158172,8787.333,10000,0,50.98305,60.76709,0
04/23/2018,07:05:00,253,152200,8455.556,10000,0,39.3913,60.76709,0
04/23/2018,07:06:00,266,181989,10110.5,10000,0,149.3742,60.07368,0
04/23/2018,07:07:00,221,89557,4975.389,10000,0,1200,60.07368,0
04/23/2018,07:08:00,182,54513,3028.5,10000,0,1200,60.07368,0
04/23/2018,07:09:00,262,116123,6451.278,10000,0,193.7189,58.68691,0
04/23/2018,07:10:00,254,140895,7827.5,10000,0,269.3506,57.99349,0
04/23/2018,07:11:00,283,150854,8380.777,10000,0,7.195122,57.30014,0
04/23/2018,07:12:00,227,115079,6393.278,10000,0,131.3453,57.99349,0
04/23/2018,07:13:00,221,135010,7500.556,10000,0,90.02564,57.30014,0
04/23/2018,07:14:00,267,145412,8078.444,10000,0,158.7198,57.30014,0
04/23/2018,07:15:00,293,165967,9220.389,10000,0,118.5714,57.30014,0
04/23/2018,07:16:00,199,51248,2847.111,10000,0,120.6929,57.30014,0
04/23/2018,07:17:00,194,4028,223.7778,10000,0,57.53846,57.30014,0
04/23/2018,07:18:00,120,1634,90.77778,10000,0,58.83654,57.30014,0
04/23/2018,07:19:00,167,6035,335.2778,10000,0,57.97115,57.30014,0
04/23/2018,07:20:00,148,1851,102.8333,10000,0,52.08654,57.30014,0
04/23/2018,07:21:00,148,1448,80.44444,10000,0,51.23729,57.30014,0
04/23/2018,07:22:00,165,1289,71.61111,10000,0,49.28814,57.30014,0
04/23/2018,07:23:00,140,2488,138.2222,10000,0,47.42373,57.30014,0
04/23/2018,07:24:00,241,85684,4760.222,10000,0,95.46988,57.30014,0
04/23/2018,07:25:00,237,65960,3664.444,10000,0,132.4676,57.30014,0
04/23/2018,07:26:00,270,116413,6467.389,10000,0,36.86956,57.30014,0
04/23/2018,07:27:00,252,51424,2856.889,10000,0,127.189,57.30014,0
04/23/2018,07:28:00,179,26837,1490.944,10000,0,216.9746,57.30014,0
04/23/2018,07:29:00,243,38185,2121.389,10000,0,242.2254,57.30014,0
04/23/2018,07:30:00,218,39393,2188.5,10000,0,234.2857,57.99349,0
04/23/2018,07:31:00,178,40803,2266.833,10000,0,803.8,58.68691,0
04/23/2018,07:32:00,220,29240,1624.444,10000,0,96.24097,57.99349,0
04/23/2018,07:33:00,129,1015,56.38889,10000,0,56.84615,57.99349,0
04/23/2018,07:34:00,172,1869,103.8333,10000,0,59.00962,57.99349,0
04/23/2018,07:35:00,150,8834,490.7778,10000,0,78.16814,57.99349,0
04/23/2018,07:36:00,267,141117,7839.833,10000,0,50.55932,57.30014,0
04/23/2018,07:37:00,241,88477,4915.389,10000,0,119.7321,57.99349,0
04/23/2018,07:38:00,278,223833,12435.17,10000,0,32.08696,57.30014,0
04/23/2018,07:39:00,295,155618,8645.444,10000,0,145.3484,57.30014,0
04/23/2018,07:40:00,255,107178,5954.333,10000,0,59.18269,57.30014,0
04/23/2018,07:41:00,265,100414,5578.556,10000,0,132.7266,57.30014,0
04/23/2018,07:42:00,207,20987,1165.944,10000,0,209.8159,57.30014,0
04/23/2018,07:43:00,162,46090,2560.556,10000,0,282.9091,57.30014,0
04/23/2018,07:44:00,150,44799,2488.833,10000,0,314.8387,57.30014,0
04/23/2018,07:45:00,184,31635,1757.5,10000,0,438.2895,57.30014,0
04/23/2018,07:46:00,194,35849,1991.611,10000,0,205.2603,57.30014,0
04/23/2018,07:47:00,238,7999,444.3889,10000,0,67.01852,57.30014,0
04/23/2018,07:48:00,164,1623,90.16666,10000,0,62.57407,57.30014,0
04/23/2018,07:49:00,156,1631,90.61111,10000,0,66.83334,57.30014,0
04/23/2018,07:50:00,196,3413,189.6111,10000,0,61.27778,57.30014,0
04/23/2018,07:51:00,196,3886,215.8889,10000,0,56.15385,57.30014,0
04/23/2018,07:52:00,166,6694,371.8889,10000,0,64.24074,57.30014,0
04/23/2018,07:53:00,90,739,41.05556,10000,0,64.61111,57.30014,0
04/23/2018,07:54:00,110,1611,89.5,10000,0,63.03704,57.30014,0
04/23/2018,07:55:00,151,1806,100.3333,10000,0,60.74038,57.99349,0
04/23/2018,07:56:00,157,13430,746.1111,10000,0,76.04425,57.99349,0
04/23/2018,07:57:00,277,135177,7509.833,10000,0,215.2825,57.99349,0
04/23/2018,07:58:00,254,187939,10441.06,10000,0,128.8346,57.30014,0
04/23/2018,07:59:00,282,243689,13538.28,10000,0,85.60683,57.30014,0
04/23/2018,08:00:00,194,68484,3804.667,10000,0,207.9937,57.30014,0
04/23/2018,08:01:00,193,31674,1759.667,10000,0,153.5677,57.30014,0
04/23/2018,08:02:00,222,12482,693.4445,10000,0,164.9835,57.30014,0
04/23/2018,08:03:00,217,24346,1352.556,10000,0,148.7032,57.99349,0
04/23/2018,08:04:00,181,40441,2246.722,10000,0,240.9238,57.99349,0
04/23/2018,08:05:00,254,161938,8996.556,10000,0,142.1367,57.99349,0
04/23/2018,08:06:00,263,148878,8271,10000,0,172.326,57.99349,0
04/23/2018,08:07:00,257,138165,7675.833,10000,0,202.0968,57.99349,0
04/23/2018,08:08:00,173,12773,709.6111,10000,0,142.3094,57.30014,0
04/23/2018,08:09:00,190,61947,3441.5,10000,0,209.8159,57.30014,0
04/23/2018,08:10:00,195,16803,933.5,10000,0,607.4706,57.30014,0
04/23/2018,08:11:00,145,47680,2648.889,10000,0,557.8965,57.30014,0
04/23/2018,08:12:00,242,93040,5168.889,10000,0,143,57.30014,0
04/23/2018,08:13:00,272,117090,6505,10000,0,214.8921,57.30014,0
04/23/2018,08:14:00,165,37905,2105.833,10000,0,672.4286,57.30014,0
04/23/2018,08:15:00,243,50003,2777.944,10000,0,960.9756,57.30014,0
04/23/2018,08:16:00,233,109888,6104.889,10000,0,186.3812,57.30014,0
04/23/2018,08:17:00,295,137815,7656.389,10000,0,165.6429,57.30014,0
04/23/2018,08:18:00,175,37616,2089.778,10000,0,262.9481,57.30014,0
04/23/2018,08:19:00,286,107730,5985,10000,0,143.2516,57.30014,0
04/23/2018,08:20:00,243,117052,6502.889,10000,0,134.6259,57.30014,0
04/23/2018,08:21:00,157,40676,2259.778,10000,0,205.6508,57.30014,0
04/23/2018,08:22:00,92,7093,394.0555,10000,0,273.1169,57.30014,0
04/23/2018,08:23:00,104,22938,1274.333,10000,0,207.9937,57.99349,0
04/23/2018,08:24:00,66,2731,151.7222,10000,0,114.9107,57.99349,0
04/23/2018,08:25:00,185,68730,3818.333,10000,0,158.3901,57.99349,0
04/23/2018,08:26:00,300,122413,6800.722,10000,0,141.5324,57.30014,0
04/23/2018,08:27:00,186,23919,1328.833,10000,0,58.31731,57.30014,0
04/23/2018,08:28:00,277,89912,4995.111,10000,0,82.88034,57.30014,0
04/23/2018,08:29:00,291,195781,10876.72,10000,0,105.102,57.30014,0
04/23/2018,08:30:00,194,60853,3380.722,10000,0,54.33654,57.30014,0
04/23/2018,08:31:00,270,160500,8916.667,10000,0,150.4645,57.30014,0
04/23/2018,08:32:00,264,123764,6875.778,10000,0,100.4082,57.30014,0
04/23/2018,08:33:00,282,141139,7841.056,10000,0,160.2033,57.30014,0
04/23/2018,08:34:00,202,66672,3704,10000,0,239.1016,56.60672,0
04/23/2018,08:35:00,246,109177,6065.389,10000,0,159.6264,56.60672,0
04/23/2018,08:36:00,254,114339,6352.167,10000,0,140.8417,55.91331,0
04/23/2018,08:37:00,286,123305,6850.278,10000,0,119.6429,56.60672,0
04/23/2018,08:38:00,291,174271,9681.723,10000,0,84.00854,56.60672,0
04/23/2018,08:39:00,266,130586,7254.778,10000,0,207.2127,56.60672,0
04/23/2018,08:40:00,289,119731,6651.722,10000,0,1118.049,56.60672,0
04/23/2018,08:41:00,287,246727,13707.06,10000,0,187.0829,55.91331,0
04/23/2018,08:42:00,222,22294,1238.556,10000,0,144.1742,55.91331,0
04/23/2018,08:43:00,242,8404,466.8889,10000,0,102.6531,56.60672,0
04/23/2018,08:44:00,213,5607,311.5,10000,0,104.6939,56.60672,0
04/23/2018,08:45:00,237,6805,378.0555,10000,0,118.75,57.30014,0
04/23/2018,08:46:00,220,4332,240.6667,10000,0,112.3214,57.30014,0
04/23/2018,08:47:00,174,18173,1009.611,10000,0,183.1105,56.95343,0
04/23/2018,08:48:00,212,46050,2558.333,10000,0,244.5683,56.95343,0
04/23/2018,08:49:00,90,9268,514.8889,10000,0,920,57.30014,0
04/23/2018,08:50:00,69,6201,344.5,10000,0,1090.732,57.30014,0
04/23/2018,08:51:00,129,12205,678.0555,10000,0,569.5294,57.30014,0
04/23/2018,08:52:00,156,2165,120.2778,10000,0,323.6452,57.30014,0
04/23/2018,08:53:00,137,26654,1480.778,10000,0,679,57.30014,0
04/23/2018,08:54:00,154,22667,1259.278,10000,0,340.5807,57.30014,0
04/23/2018,08:55:00,200,8725,484.7222,10000,0,215.0222,57.30014,0
04/23/2018,08:56:00,170,47770,2653.889,10000,0,257.2987,57.30014,0
04/23/2018,08:57:00,182,24427,1357.056,10000,0,628.4,57.30014,0
04/23/2018,08:58:00,102,5420,301.1111,10000,0,652.9333,57.30014,0
04/23/2018,08:59:00,90,7807,433.7222,10000,0,926.8293,57.30014,0
04/23/2018,09:00:00,101,12597,699.8333,10000,0,947.3171,57.30014,0
04/23/2018,09:01:00,144,40718,2262.111,10000,0,981.4634,57.99349,0
04/23/2018,09:02:00,166,11004,611.3333,10000,0,148.7871,57.30014,0
04/23/2018,09:03:00,172,16726,929.2222,10000,0,144.929,57.99349,0
04/23/2018,09:04:00,68,3682,204.5556,10000,0,698.7143,57.99349,0
04/23/2018,09:05:00,188,53318,2962.111,10000,0,223.4825,57.30014,0
04/23/2018,09:06:00,166,22363,1242.389,10000,0,597.353,57.30014,0
04/23/2018,09:07:00,71,2416,134.2222,10000,0,646.8,57.30014,0
04/23/2018,09:08:00,98,18630,1035,10000,0,715.5,57.30014,0
04/23/2018,09:09:00,111,10281,571.1667,10000,0,567,57.30014,0
04/23/2018,09:10:00,123,7487,415.9445,10000,0,724.5,57.30014,0
04/23/2018,09:11:00,175,22245,1235.833,10000,0,747,57.30014,0
04/23/2018,09:12:00,208,36404,2022.444,10000,0,521.4828,57.30014,0
04/23/2018,09:13:00,147,23799,1322.167,10000,0,424.8684,57.30014,0
04/23/2018,09:14:00,187,18616,1034.222,10000,0,416.8158,57.30014,0
04/23/2018,09:15:00,202,105535,5863.056,10000,0,553.3448,57.30014,0
04/23/2018,09:16:00,222,42472,2359.556,10000,0,1186.341,57.30014,0
04/23/2018,09:17:00,189,46240,2568.889,10000,0,218.146,57.30014,0
04/23/2018,09:18:00,135,30685,1704.722,10000,0,967.8049,57.30014,0
04/23/2018,09:19:00,157,49158,2731,10000,0,822.4545,57.99349,0
04/23/2018,09:20:00,203,36516,2028.667,10000,0,242.3556,57.30014,0
04/23/2018,09:21:00,49,11697,649.8333,10000,0,240.0127,57.30014,0
04/23/2018,09:22:00,106,17536,974.2222,10000,0,597.353,57.30014,0
04/23/2018,09:23:00,45,7306,405.8889,10000,0,652.9333,57.30014,0
04/23/2018,09:24:00,128,23544,1308,10000,0,233.8952,57.30014,0
04/23/2018,09:25:00,151,22041,1224.5,10000,0,507.8276,57.99349,0
04/23/2018,09:26:00,86,9174,509.6667,10000,0,218.7968,57.99349,0
04/23/2018,09:27:00,168,96958,5386.556,10000,0,151.1355,57.99349,0
04/23/2018,09:28:00,241,120924,6718,10000,0,141.6187,57.99349,0
04/23/2018,09:29:00,133,22901,1272.278,10000,0,503.2758,57.99349,0
04/23/2018,09:30:00,168,24717,1373.167,10000,0,184.3481,57.99349,0
04/23/2018,09:31:00,244,99788,5543.778,10000,0,161.522,57.30014,0
04/23/2018,09:32:00,270,147974,8220.777,10000,0,135.0576,57.30014,0
04/23/2018,09:33:00,187,60278,3348.778,10000,0,66.09259,57.30014,0
04/23/2018,09:34:00,174,15802,877.8889,10000,0,72.41593,57.30014,0
04/23/2018,09:35:00,159,15336,852,10000,0,140.7554,57.99349,0
04/23/2018,09:36:00,145,4150,230.5556,10000,0,145.3484,57.30014,0
04/23/2018,09:37:00,166,8800,488.8889,10000,0,141.1007,57.30014,0
04/23/2018,09:38:00,236,92917,5162.056,10000,0,96.43374,57.30014,0
04/23/2018,09:39:00,313,359246,19958.11,10000,0,139.1151,57.30014,0
04/23/2018,09:40:00,264,127269,7070.5,10000,0,145.0129,57.30014,0
04/23/2018,09:41:00,230,36055,2003.056,10000,0,240.6635,57.30014,0
04/23/2018,09:42:00,212,28046,1558.111,10000,0,134.7986,57.30014,0
04/23/2018,09:43:00,254,89681,4982.278,10000,0,125.1102,56.60672,0
04/23/2018,09:44:00,274,106029,5890.5,10000,0,10.41463,56.60672,0
04/23/2018,09:45:00,258,64196,3566.444,10000,0,110.0893,55.91331,0
04/23/2018,09:46:00,296,62110,3450.556,10000,0,62.57407,56.60672,0
04/23/2018,09:47:00,273,168360,9353.333,10000,0,112.5,56.60672,0
04/23/2018,09:48:00,267,243552,13530.67,10000,0,1200,57.30014,0
04/23/2018,09:49:00,333,368352,20464,10000,0,1131.707,56.60672,0
04/23/2018,09:50:00,310,328204,18233.55,10000,0,1200,55.91331,0
04/23/2018,09:51:00,296,347929,19329.39,10000,0,1152.195,57.30014,0
04/23/2018,09:52:00,310,174117,9673.167,10000,0,1077.073,57.30014,0
04/23/2018,09:53:00,339,367315,20406.39,10000,0,1193.171,57.30014,0
04/23/2018,09:54:00,309,441193,24510.72,10000,0,1063.415,56.60672,0
04/23/2018,09:55:00,309,318734,17707.45,10000,0,1200,57.30014,0
04/23/2018,09:56:00,309,488019,27112.17,10000,0,631.4667,57.30014,0
04/23/2018,09:57:00,308,304211,16900.61,10000,0,1200,57.30014,0
04/23/2018,09:58:00,321,258689,14371.61,10000,0,302.1169,55.91331,0
04/23/2018,09:59:00,320,463644,25758,10000,0,236.6286,55.91331,0
04/23/2018,10:00:00,298,220436,12246.44,10000,0,1200,55.91331,0
04/23/2018,10:01:00,322,365299,20294.39,10000,0,1200,55.91331,0
04/23/2018,10:02:00,318,326146,18119.22,10000,0,1200,55.91331,0
04/23/2018,10:03:00,311,235579,13087.72,10000,0,1200,57.30014,0
04/23/2018,10:04:00,300,438869,24381.61,10000,0,1131.707,57.30014,0
04/23/2018,10:05:00,261,210212,11678.44,10000,0,1200,57.30014,0
04/23/2018,10:06:00,322,618670,34370.55,10000,0,1200,57.99349,0
04/23/2018,10:07:00,327,401764,22320.22,10000,0,1200,58.68691,0
04/23/2018,10:08:00,309,433538,24085.45,10000,0,261.8182,60.76709,0
04/23/2018,10:09:00,298,422226,23457,10000,0,1200,61.46045,0
04/23/2018,10:10:00,301,447055,24836.39,10000,0,1200,63.54063,0
04/23/2018,10:11:00,327,298626,16590.33,10000,0,1200,63.54063,0
04/23/2018,10:12:00,318,355916,19773.11,10000,0,1186.341,62.84722,0
04/23/2018,10:13:00,319,351658,19536.55,10000,0,1152.195,62.84722,0
04/23/2018,10:14:00,299,391156,21730.89,10000,0,1083.902,61.46045,0
04/23/2018,10:15:00,307,342603,19033.5,10000,0,1200,61.46045,0
04/23/2018,10:16:00,300,252349,14019.39,10000,0,1118.049,61.46045,0
04/23/2018,10:17:00,296,213674,11870.78,10000,0,775.4,60.07368,0
04/23/2018,10:18:00,311,330958,18386.55,10000,0,160.7802,58.68691,0
04/23/2018,10:19:00,283,251083,13949.06,10000,0,89.74359,60.07368,0
04/23/2018,10:20:00,287,258404,14355.78,10000,0,110.4464,58.68691,0
04/23/2018,10:21:00,291,136648,7591.556,10000,0,56.41346,58.68691,0
04/23/2018,10:22:00,308,229225,12734.72,10000,0,48.35593,57.30014,0
04/23/2018,10:23:00,280,144325,8018.056,10000,0,148.4516,57.30014,0
04/23/2018,10:24:00,240,159430,8857.223,10000,0,153.6516,57.30014,0
04/23/2018,10:25:00,171,9972,554,10000,0,333.8065,57.30014,0
04/23/2018,10:26:00,245,90063,5003.5,10000,0,187.1659,57.30014,0
04/23/2018,10:27:00,301,304439,16913.28,10000,0,158.0604,58.68691,0
04/23/2018,10:28:00,291,165155,9175.277,10000,0,207.6032,58.68691,0
04/23/2018,10:29:00,298,129483,7193.5,10000,0,1200,58.68691,0
04/23/2018,10:30:00,301,152626,8479.223,10000,0,1090.732,60.76709,0
04/23/2018,10:31:00,315,136415,7578.611,10000,0,1200,61.46045,0
04/23/2018,10:32:00,284,122581,6810.056,10000,0,1200,62.84722,0
04/23/2018,10:33:00,267,46717,2595.389,10000,0,1200,64.23405,0
04/23/2018,10:34:00,271,58815,3267.5,10000,0,1200,64.9274,0
04/23/2018,10:35:00,185,61341,3407.833,10000,0,960.9756,65.27411,0
04/23/2018,10:36:00,187,44703,2483.5,10000,0,652.9333,64.23405,0
04/23/2018,10:37:00,202,49055,2725.278,10000,0,747,64.23405,0
04/23/2018,10:38:00,294,146798,8155.444,10000,0,920,64.23405,0
04/23/2018,10:39:00,238,69183,3843.5,10000,0,256.5454,63.54063,0
04/23/2018,10:40:00,158,7923,440.1667,10000,0,282.9091,63.54063,0
04/23/2018,10:41:00,218,12026,668.1111,10000,0,208.9048,63.54063,0
04/23/2018,10:42:00,222,12233,679.6111,10000,0,1152.195,63.54063,0
04/23/2018,10:43:00,157,22455,1247.5,10000,0,1042.927,63.54063,0
04/23/2018,10:44:00,213,43596,2422,10000,0,363.6327,63.54063,0
04/23/2018,10:45:00,121,32272,1792.889,10000,0,724.5,63.54063,0
04/23/2018,10:46:00,56,9244,513.5555,10000,0,526.0345,63.54063,0
04/23/2018,10:47:00,98,35731,1985.056,10000,0,261.8182,63.54063,0
04/23/2018,10:48:00,71,12218,678.7778,10000,0,482.3333,63.54063,0
04/23/2018,10:49:00,192,51757,2875.389,10000,0,619.2,63.54063,0
04/23/2018,10:50:00,168,41069,2281.611,10000,0,682.2857,63.54063,0
04/23/2018,10:51:00,64,3595,199.7222,10000,0,557.8965,64.23405,0
04/23/2018,10:52:00,114,19740,1096.667,10000,0,880.25,64.23405,0
04/23/2018,10:53:00,200,46261,2570.056,10000,0,831.3636,64.23405,0
04/23/2018,10:54:00,168,35153,1952.944,10000,0,173.2099,64.23405,0
04/23/2018,10:55:00,106,10266,570.3333,10000,0,184.1713,64.23405,0
04/23/2018,10:56:00,164,8919,495.5,10000,0,390.0816,64.23405,0
04/23/2018,10:57:00,200,24932,1385.111,10000,0,200.023,64.23405,0
04/23/2018,10:58:00,204,11981,665.6111,10000,0,162.8407,64.23405,0
04/23/2018,10:59:00,162,5237,290.9445,10000,0,26.5,64.23405,0
04/23/2018,11:00:00,230,13248,736,10000,0,10.31707,64.23405,0
04/23/2018,11:01:00,235,38170,2120.556,10000,0,66.18519,64.23405,0
04/23/2018,11:02:00,182,66246,3680.333,10000,0,1063.415,65.62082,0
04/23/2018,11:03:00,116,12342,685.6667,10000,0,217.1048,65.62082,0
04/23/2018,11:04:00,252,175473,9748.5,10000,0,1104.39,65.62082,0
04/23/2018,11:05:00,267,260041,14446.72,10000,0,1200,67.00759,0
04/23/2018,11:06:00,224,144795,8044.167,10000,0,1200,65.62082,0
04/23/2018,11:07:00,276,220249,12236.06,10000,0,1200,65.62082,0
04/23/2018,11:08:00,197,111379,6187.722,10000,0,1200,65.62082,0
04/23/2018,11:09:00,141,51874,2881.889,10000,0,1200,67.00759,0
04/23/2018,11:10:00,240,146030,8112.778,10000,0,1200,67.00759,0
04/23/2018,11:11:00,258,41533,2307.389,10000,0,1200,65.62082,0
04/23/2018,11:12:00,208,51547,2863.722,10000,0,1200,65.62082,0
04/23/2018,11:13:00,216,46103,2561.278,10000,0,1200,65.27411,0
04/23/2018,11:14:00,260,76896,4272,10000,0,1200,65.62082,0
04/23/2018,11:15:00,239,75604,4200.222,10000,0,1200,65.62082,0
04/23/2018,11:16:00,206,50218,2789.889,10000,0,1200,64.9274,0
04/23/2018,11:17:00,270,67370,3742.778,10000,0,1172.683,64.23405,0
04/23/2018,11:18:00,193,115111,6395.056,10000,0,1200,65.62082,0
04/23/2018,11:19:00,171,47241,2624.5,10000,0,1200,67.00759,0
04/23/2018,11:20:00,242,185529,10307.17,10000,0,1200,68.39436,0
04/23/2018,11:21:00,245,95045,5280.278,10000,0,188.659,68.39436,0
04/23/2018,11:22:00,241,107708,5983.778,10000,0,254.6623,68.04765,0
04/23/2018,11:23:00,291,90321,5017.833,10000,0,1200,67.701,0
04/23/2018,11:24:00,298,124523,6917.944,10000,0,1063.415,67.701,0
04/23/2018,11:25:00,287,120222,6679,10000,0,1186.341,67.701,0
04/23/2018,11:26:00,310,68338,3796.556,10000,0,858.0909,67.00759,0
04/23/2018,11:27:00,286,139353,7741.833,10000,0,784.8666,67.00759,0
04/23/2018,11:28:00,256,236998,13166.56,10000,0,186.9116,66.31417,0
04/23/2018,11:29:00,296,189437,10524.28,10000,0,188.2442,66.66088,0
04/23/2018,11:30:00,227,123931,6885.056,10000,0,215.0222,66.31417,0
04/23/2018,11:31:00,324,346462,19247.89,10000,0,370.4898,65.62082,0
04/23/2018,11:32:00,261,122850,6825,10000,0,140.4101,64.23405,0
04/23/2018,11:33:00,289,220713,12261.83,10000,0,123.1181,66.31417,0
04/23/2018,11:34:00,319,247891,13771.72,10000,0,136.6115,64.23405,0
04/23/2018,11:35:00,282,139524,7751.333,10000,0,154.9097,62.84722,0
04/23/2018,11:36:00,271,138186,7677,10000,0,89.55556,62.84722,0
04/23/2018,11:37:00,274,148678,8259.889,10000,0,199.4424,64.23405,0
04/23/2018,11:38:00,255,58164,3231.333,10000,0,213.5905,62.84722,0
04/23/2018,11:39:00,201,38450,2136.111,10000,0,235.0667,61.46045,0
04/23/2018,11:40:00,207,26851,1491.722,10000,0,158.8846,61.46045,0
04/23/2018,11:41:00,214,39485,2193.611,10000,0,195.3779,61.46045,0
04/23/2018,11:42:00,160,29218,1623.222,10000,0,192.5576,61.46045,0
04/23/2018,11:43:00,174,19488,1082.667,10000,0,185.0553,61.46045,0
04/23/2018,11:44:00,154,68153,3786.278,10000,0,130.1339,61.46045,0
04/23/2018,11:45:00,237,82989,4610.5,10000,0,165.1483,60.76709,0
04/23/2018,11:46:00,171,34161,1897.833,10000,0,193.9677,60.07368,0
04/23/2018,11:47:00,155,23556,1308.667,10000,0,168.5275,60.07368,0
04/23/2018,11:48:00,131,37331,2073.944,10000,0,163.5824,60.07368,0
04/23/2018,11:49:00,160,27180,1510,10000,0,62.85185,61.11374,0
04/23/2018,11:50:00,273,156192,8677.333,10000,0,127.3622,62.84722,0
04/23/2018,11:51:00,302,244524,13584.67,10000,0,192.3917,62.15386,0
04/23/2018,11:52:00,292,222387,12354.83,10000,0,142.3957,61.46045,0
04/23/2018,11:53:00,242,79825,4434.722,10000,0,154.6581,61.46045,0
04/23/2018,11:54:00,251,89903,4994.611,10000,0,167.9505,61.46045,0
04/23/2018,11:55:00,279,120326,6684.778,10000,0,83.25641,61.46045,0
04/23/2018,11:56:00,236,62563,3475.722,10000,0,78.87611,61.46045,0
04/23/2018,11:57:00,169,19904,1105.778,10000,0,43.69492,61.46045,0
04/23/2018,11:58:00,208,15232,846.2222,10000,0,31.33621,61.46045,0
04/23/2018,11:59:00,113,6386,354.7778,10000,0,30.9569,61.46045,0
04/23/2018,12:00:00,196,83649,4647.167,10000,0,160.8626,60.76709,0
04/23/2018,12:01:00,194,25944,1441.333,10000,0,166.5495,60.76709,0
04/23/2018,12:02:00,210,30754,1708.556,10000,0,297.2208,60.76709,0
04/23/2018,12:03:00,169,34605,1922.5,10000,0,337.871,60.76709,0
04/23/2018,12:04:00,234,55955,3108.611,10000,0,328.3871,60.76709,0
04/23/2018,12:05:00,249,60686,3371.444,10000,0,253.5325,61.46045,0
04/23/2018,12:06:00,211,68348,3797.111,10000,0,162.0989,60.76709,0
04/23/2018,12:07:00,233,75968,4220.444,10000,0,183.0221,60.76709,0
04/23/2018,12:08:00,302,197885,10993.61,10000,0,158.6374,60.76709,0
04/23/2018,12:09:00,283,169364,9409.111,10000,0,66.46296,60.76709,0
04/23/2018,12:10:00,295,151381,8410.056,10000,0,65.53704,60.07368,0
04/23/2018,12:11:00,291,227558,12642.11,10000,0,63.59259,60.07368,0
04/23/2018,12:12:00,304,201996,11222,10000,0,121.0394,58.68691,0
04/23/2018,12:13:00,303,298095,16560.83,10000,0,131.259,58.68691,0
04/23/2018,12:14:00,251,174791,9710.611,10000,0,152.3936,58.68691,0
04/23/2018,12:15:00,171,28242,1569,10000,0,144.6774,67.00759,0
04/23/2018,12:16:00,151,21336,1185.333,10000,0,133.4173,67.00759,0
04/23/2018,12:17:00,191,16282,904.5555,10000,0,28.68103,67.00759,0
04/23/2018,12:18:00,264,42605,2366.944,10000,0,242.3556,67.00759,0
04/23/2018,12:19:00,215,42448,2358.222,10000,0,342.6129,67.00759,0
04/23/2018,12:20:00,285,41181,2287.833,10000,0,344.6452,67.00759,0
04/23/2018,12:21:00,155,31176,1732,10000,0,133.0719,67.00759,0
04/23/2018,12:22:00,210,25917,1439.833,10000,0,352.8571,67.00759,0
04/23/2018,12:23:00,183,35982,1999,10000,0,213.3302,67.00759,0
04/23/2018,12:24:00,188,29746,1652.556,10000,0,201.0184,67.00759,0
04/23/2018,12:25:00,216,31275,1737.5,10000,0,264.0779,68.04765,0
04/23/2018,12:26:00,210,30679,1704.389,10000,0,207.6032,67.00759,0
04/23/2018,12:27:00,208,31580,1754.444,10000,0,202.3456,67.701,0
04/23/2018,12:28:00,234,41159,2286.611,10000,0,391.0612,67.701,0
04/23/2018,12:29:00,211,31974,1776.333,10000,0,202.4286,68.04765,0
04/23/2018,12:30:00,161,30606,1700.333,10000,0,243.3968,68.39436,0
04/23/2018,12:31:00,108,11254,625.2222,10000,0,233.6349,67.701,0
04/23/2018,12:32:00,131,25369,1409.389,10000,0,192.5576,68.39436,0
04/23/2018,12:33:00,172,44607,2478.167,10000,0,108.1633,68.39436,0
04/23/2018,12:34:00,246,86464,4803.556,10000,0,130.1339,68.39436,0
04/23/2018,12:35:00,172,43033,2390.722,10000,0,50.55932,68.39436,0
04/23/2018,12:36:00,181,35977,1998.722,10000,0,102.2449,68.39436,0
04/23/2018,12:37:00,211,50282,2793.444,10000,0,109.7959,67.701,0
04/23/2018,12:38:00,233,63366,3520.333,10000,0,150.4645,68.39436,0
04/23/2018,12:39:00,184,22339,1241.056,10000,0,121.126,61.46045,0
04/23/2018,12:40:00,154,48790,2710.556,10000,0,159.0495,61.46045,0
04/23/2018,12:41:00,124,12086,671.4445,10000,0,200.5207,60.76709,0
04/23/2018,12:42:00,80,7747,430.3889,10000,0,198.2811,61.46045,0
04/23/2018,12:43:00,165,23910,1328.333,10000,0,194.3825,61.46045,0
04/23/2018,12:44:00,205,24722,1373.444,10000,0,370.4898,61.46045,0
04/23/2018,12:45:00,206,47385,2632.5,10000,0,213.3302,61.46045,0
04/23/2018,12:46:00,234,34800,1933.333,10000,0,291.9481,61.46045,0
04/23/2018,12:47:00,166,10459,581.0555,10000,0,227.6476,61.46045,0
04/23/2018,12:48:00,204,45008,2500.444,10000,0,211.6381,61.46045,0
04/23/2018,12:49:00,207,26138,1452.111,10000,0,219.5778,61.46045,0
04/23/2018,12:50:00,266,29656,1647.556,10000,0,230.5111,61.46045,0
04/23/2018,12:51:00,210,18911,1050.611,10000,0,249.3896,61.46045,0
04/23/2018,12:52:00,204,45743,2541.278,10000,0,172.4144,61.46045,0
04/23/2018,12:53:00,212,41005,2278.056,10000,0,180.0166,61.46045,0
04/23/2018,12:54:00,184,31842,1769,10000,0,235.1968,61.46045,0
04/23/2018,12:55:00,152,22772,1265.111,10000,0,223.7429,61.46045,0
04/23/2018,12:56:00,170,7328,407.1111,10000,0,229.0794,61.46045,0
04/23/2018,12:57:00,180,4627,257.0555,10000,0,133.5036,61.46045,0
04/23/2018,12:58:00,162,4461,247.8333,10000,0,123.6378,61.46045,0
04/23/2018,12:59:00,210,4088,227.1111,10000,0,131.777,61.46045,0
04/23/2018,13:00:00,199,8008,444.8889,10000,0,127.7087,61.46045,0
04/23/2018,13:01:00,195,5176,287.5555,10000,0,127.4488,61.11374,0
04/23/2018,13:02:00,158,16736,929.7778,10000,0,145.0129,61.11374,0
04/23/2018,13:03:00,278,181120,10062.22,10000,0,117.3214,61.46045,0
04/23/2018,13:04:00,286,255128,14173.78,10000,0,123.2913,60.76709,0
04/23/2018,13:05:00,284,230194,12788.56,10000,0,191.894,60.76709,0
04/23/2018,13:06:00,280,183210,10178.33,10000,0,229.7302,61.46045,0
04/23/2018,13:07:00,301,110455,6136.389,10000,0,290.8182,62.84722,0
04/23/2018,13:08:00,302,85251,4736.167,10000,0,1200,63.54063,0
04/23/2018,13:09:00,307,118662,6592.333,10000,0,1056.585,64.23405,0
04/23/2018,13:10:00,261,42430,2357.222,10000,0,1200,65.27411,0
04/23/2018,13:11:00,211,40238,2235.444,10000,0,1200,65.62082,0
04/23/2018,13:12:00,211,62122,3451.222,10000,0,1200,65.62082,0
04/23/2018,13:13:00,289,70337,3907.611,10000,0,1200,67.00759,0
04/23/2018,13:14:00,287,50967,2831.5,10000,0,1200,67.00759,0
04/23/2018,13:15:00,272,52970,2942.778,10000,0,1200,67.00759,0
04/23/2018,13:16:00,271,47457,2636.5,10000,0,1200,67.701,0
04/23/2018,13:17:00,273,37640,2091.111,10000,0,1124.878,68.39436,0
04/23/2018,13:18:00,289,45183,2510.167,10000,0,1200,68.04765,0
04/23/2018,13:19:00,256,24937,1385.389,10000,0,1200,68.39436,0
04/23/2018,13:20:00,244,36557,2030.944,10000,0,1200,68.39436,0
04/23/2018,13:21:00,110,27170,1509.444,10000,0,1200,68.39436,0
04/23/2018,13:22:00,217,46960,2608.889,10000,0,1200,68.39436,0
04/23/2018,13:23:00,263,51692,2871.778,10000,0,589.7647,68.39436,0
04/23/2018,13:24:00,231,76352,4241.778,10000,0,1200,69.08778,0
04/23/2018,13:25:00,188,32979,1832.167,10000,0,724.5,69.08778,0
04/23/2018,13:26:00,218,80380,4465.556,10000,0,340.5807,68.39436,0
04/23/2018,13:27:00,217,32279,1793.278,10000,0,325.6774,68.39436,0
04/23/2018,13:28:00,281,373529,20751.61,10000,0,1186.341,69.78113,0
04/23/2018,13:29:00,232,128654,7147.444,10000,0,210.0762,68.39436,0
04/23/2018,13:30:00,204,62692,3482.889,10000,0,178.8674,67.701,0
04/23/2018,13:31:00,176,49542,2752.333,10000,0,237.1492,67.00759,0
04/23/2018,13:32:00,185,47034,2613,10000,0,198.53,67.00759,0
04/23/2018,13:33:00,188,28520,1584.444,10000,0,434.2632,64.23405,0
04/23/2018,13:34:00,182,26068,1448.222,10000,0,446.697,64.23405,0
04/23/2018,13:35:00,202,28569,1587.167,10000,0,537.4138,64.23405,0
04/23/2018,13:36:00,210,40971,2276.167,10000,0,572.0588,64.23405,0
04/23/2018,13:37:00,180,24502,1361.222,10000,0,497.606,64.23405,0
04/23/2018,13:38:00,251,46655,2591.944,10000,0,523.7586,63.88734,0
04/23/2018,13:39:00,265,46371,2576.167,10000,0,519.2069,64.23405,0
04/23/2018,13:40:00,234,31052,1725.111,10000,0,510.1035,62.84722,0
04/23/2018,13:41:00,242,37044,2058,10000,0,514.6552,62.84722,0
04/23/2018,13:42:00,190,13931,773.9445,10000,0,424.8684,62.84722,0
04/23/2018,13:43:00,246,38693,2149.611,10000,0,557.8965,62.84722,0
04/23/2018,13:44:00,236,53301,2961.167,10000,0,555.6207,62.84722,0
04/23/2018,13:45:00,165,43862,2436.778,10000,0,207.473,62.84722,0
04/23/2018,13:46:00,201,47152,2619.556,10000,0,560.1724,62.84722,0
04/23/2018,13:47:00,156,34438,1913.222,10000,0,584.7059,62.84722,0
04/23/2018,13:48:00,155,41046,2280.333,10000,0,599.8823,62.84722,0
04/23/2018,13:49:00,213,45370,2520.556,10000,0,453.4849,62.84722,0
04/23/2018,13:50:00,169,32105,1783.611,10000,0,237.1492,62.84722,0
04/23/2018,13:51:00,175,25825,1434.722,10000,0,122.4252,62.84722,0
04/23/2018,13:52:00,173,55755,3097.5,10000,0,78.34513,64.23405,0
04/23/2018,13:53:00,182,26079,1448.833,10000,0,675.7143,64.23405,0
04/23/2018,13:54:00,177,15664,870.2222,10000,0,264.8312,64.23405,0
04/23/2018,13:55:00,166,54782,3043.444,10000,0,216.0635,64.23405,0
04/23/2018,13:56:00,188,31988,1777.111,10000,0,168.4451,64.23405,0
04/23/2018,13:57:00,158,10231,568.3889,10000,0,572.0588,63.54063,0
04/23/2018,13:58:00,152,37859,2103.278,10000,0,453.4849,63.54063,0
04/23/2018,13:59:00,211,47207,2622.611,10000,0,422.1842,62.84722,0
04/23/2018,14:00:00,270,120110,6672.778,10000,0,116.5179,61.46045,0
04/23/2018,14:01:00,278,122095,6783.056,10000,0,177.5414,61.46045,0
04/23/2018,14:02:00,252,137901,7661.167,10000,0,124.0709,61.46045,0
04/23/2018,14:03:00,285,315771,17542.83,10000,0,1200,61.46045,0
04/23/2018,14:04:00,263,154244,8569.111,10000,0,1200,62.15386,0
04/23/2018,14:05:00,274,164660,9147.777,10000,0,1200,65.62082,0
04/23/2018,14:06:00,286,71813,3989.611,10000,0,1200,66.31417,0
04/23/2018,14:07:00,165,28939,1607.722,10000,0,988.2927,67.701,0
04/23/2018,14:08:00,220,25433,1412.944,10000,0,1200,68.39436,0
04/23/2018,14:09:00,219,43000,2388.889,10000,0,384.2041,68.39436,0
04/23/2018,14:10:00,280,257442,14302.33,10000,0,1001.951,68.39436,0
04/23/2018,14:11:00,217,89986,4999.222,10000,0,1200,69.78113,0
04/23/2018,14:12:00,294,191927,10662.61,10000,0,1200,69.78113,0
04/23/2018,14:13:00,278,265398,14744.33,10000,0,160.3681,73.9415,0
04/23/2018,14:14:00,268,152188,8454.889,10000,0,56.93269,64.9274,0
04/23/2018,14:15:00,210,89349,4963.833,10000,0,165.1483,64.23405,0
04/23/2018,14:16:00,277,102301,5683.389,10000,0,186.4696,63.54063,0
04/23/2018,14:17:00,253,103257,5736.5,10000,0,50.64407,62.84722,0
04/23/2018,14:18:00,276,299497,16638.72,10000,0,218.927,62.84722,0
04/23/2018,14:19:00,246,106784,5932.444,10000,0,1200,62.84722,0
04/23/2018,14:20:00,272,172731,9596.167,10000,0,1179.512,64.23405,0
04/23/2018,14:21:00,240,80960,4497.778,10000,0,422.1842,64.9274,0
04/23/2018,14:22:00,253,81868,4548.222,10000,0,613.0667,65.62082,0
04/23/2018,14:23:00,169,20459,1136.611,10000,0,537.4138,66.31417,0
04/23/2018,14:24:00,213,10304,572.4445,10000,0,196.3733,66.31417,0
04/23/2018,14:25:00,143,11248,624.8889,10000,0,255.7922,66.31417,0
04/23/2018,14:26:00,255,46138,2563.222,10000,0,665.8571,66.31417,0
04/23/2018,14:27:00,293,81539,4529.944,10000,0,519.2069,67.00759,0
04/23/2018,14:28:00,284,71581,3976.722,10000,0,1193.171,67.00759,0
04/23/2018,14:29:00,227,74217,4123.167,10000,0,1200,67.00759,0
04/23/2018,14:30:00,278,42434,2357.444,10000,0,1172.683,68.39436,0
04/23/2018,14:31:00,226,34653,1925.167,10000,0,1159.024,68.39436,0
04/23/2018,14:32:00,168,15787,877.0555,10000,0,1172.683,69.78113,0
04/23/2018,14:33:00,212,28355,1575.278,10000,0,1186.341,69.78113,0
04/23/2018,14:34:00,281,95120,5284.444,10000,0,1172.683,71.16796,0
04/23/2018,14:35:00,277,62430,3468.333,10000,0,1172.683,71.16796,0
04/23/2018,14:36:00,285,84778,4709.889,10000,0,799.0667,69.78113,0
04/23/2018,14:37:00,289,67888,3771.556,10000,0,1090.732,69.78113,0
04/23/2018,14:38:00,277,93075,5170.833,10000,0,1145.366,69.08778,0
04/23/2018,14:39:00,282,80927,4495.944,10000,0,1200,69.08778,0
04/23/2018,14:40:00,248,97470,5415,10000,0,1118.049,69.78113,0
04/23/2018,14:41:00,195,105410,5856.111,10000,0,1186.341,69.78113,0
04/23/2018,14:42:00,313,229853,12769.61,10000,0,1200,71.16796,0
04/23/2018,14:43:00,323,256926,14273.67,10000,0,1186.341,69.08778,0
04/23/2018,14:44:00,223,119150,6619.444,10000,0,974.6342,66.66088,0
04/23/2018,14:45:00,210,36678,2037.667,10000,0,974.6342,65.62082,0
04/23/2018,14:46:00,233,29344,1630.222,10000,0,1152.195,65.62082,0
04/23/2018,14:47:00,180,77000,4277.778,10000,0,1077.073,64.9274,0
04/23/2018,14:48:00,97,1651,91.72222,10000,0,751.7333,65.62082,0
04/23/2018,14:49:00,170,18339,1018.833,10000,0,557.8965,64.23405,0
04/23/2018,14:50:00,211,91413,5078.5,10000,0,873.625,64.23405,0
04/23/2018,14:51:00,191,51308,2850.444,10000,0,715.5,64.23405,0
04/23/2018,14:52:00,188,4190,232.7778,10000,0,940.4878,64.23405,0
04/23/2018,14:53:00,225,4988,277.1111,10000,0,913.375,64.23405,0
04/23/2018,14:54:00,233,15032,835.1111,10000,0,886.875,64.23405,0
04/23/2018,14:55:00,201,35902,1994.556,10000,0,967.8049,64.23405,0
04/23/2018,14:56:00,198,19132,1062.889,10000,0,724.5,64.23405,0
04/23/2018,14:57:00,170,4450,247.2222,10000,0,933.6585,64.23405,0
04/23/2018,14:58:00,163,14001,777.8333,10000,0,724.5,65.62082,0
04/23/2018,14:59:00,203,22188,1232.667,10000,0,669.1429,64.9274,0
04/23/2018,15:00:00,123,1088,60.44444,10000,0,803.8,64.9274,0
04/23/2018,15:01:00,162,3065,170.2778,10000,0,649.8666,64.9274,0
04/23/2018,15:02:00,137,2291,127.2778,10000,0,637.6,64.9274,0
04/23/2018,15:03:00,134,2185,121.3889,10000,0,610,64.23405,0
04/23/2018,15:04:00,70,725,40.27778,10000,0,453.4849,64.9274,0
04/23/2018,15:05:00,180,35701,1983.389,10000,0,981.4634,64.9274,0
04/23/2018,15:06:00,134,1747,97.05556,10000,0,597.353,65.62082,0
04/23/2018,15:07:00,141,8929,496.0555,10000,0,564.7241,64.9274,0
04/23/2018,15:08:00,190,122956,6830.889,10000,0,818,65.62082,0
04/23/2018,15:09:00,191,97845,5435.833,10000,0,1200,65.62082,0
04/23/2018,15:10:00,164,76767,4264.833,10000,0,1179.512,64.23405,0
04/23/2018,15:11:00,185,86278,4793.222,10000,0,1131.707,63.54063,0
04/23/2018,15:12:00,191,47322,2629,10000,0,258.0519,62.84722,0
04/23/2018,15:13:00,181,69672,3870.667,10000,0,954.1464,61.46045,0
04/23/2018,15:14:00,28,1036,57.55556,10000,0,510.1035,61.46045,0
04/23/2018,15:15:00,273,163646,9091.444,10000,0,1008.781,61.46045,0
04/23/2018,15:16:00,291,256780,14265.56,10000,0,1200,62.84722,0
04/23/2018,15:17:00,303,210776,11709.78,10000,0,1200,63.88734,0
04/23/2018,15:18:00,212,208903,11605.72,10000,0,1200,64.23405,0
04/23/2018,15:19:00,227,95191,5288.389,10000,0,1200,65.62082,0
04/23/2018,15:20:00,99,14102,783.4445,10000,0,1200,67.00759,0
04/23/2018,15:21:00,34,706,39.22222,10000,0,1200,69.08778,0
04/23/2018,15:22:00,189,80655,4480.833,10000,0,1200,69.78113,0
04/23/2018,15:23:00,214,89430,4968.333,10000,0,416.8158,68.39436,0
04/23/2018,15:24:00,141,11112,617.3333,10000,0,333.8065,66.31417,0
04/23/2018,15:25:00,140,10203,566.8333,10000,0,604.9412,64.23405,0
04/23/2018,15:26:00,168,8220,456.6667,10000,0,395.3421,63.54063,0
04/23/2018,15:27:00,119,4915,273.0555,10000,0,551.069,62.84722,0
04/23/2018,15:28:00,128,13696,760.8889,10000,0,262.5714,61.46045,0
04/23/2018,15:29:00,94,5701,316.7222,10000,0,297.2208,61.11374,0
04/23/2018,15:30:00,75,835,46.38889,10000,0,450.0909,60.07368,0
04/23/2018,15:31:00,203,55237,3068.722,10000,0,460.2727,60.07368,0
04/23/2018,15:32:00,282,166515,9250.833,10000,0,1200,60.07368,0
04/23/2018,15:33:00,285,209176,11620.89,10000,0,1200,60.76709,0
04/23/2018,15:34:00,324,213550,11863.89,10000,0,1200,60.76709,0
04/23/2018,15:35:00,227,93248,5180.444,10000,0,1077.073,60.76709,0
04/23/2018,15:36:00,279,152629,8479.389,10000,0,1159.024,61.46045,0
04/23/2018,15:37:00,252,56825,3156.944,10000,0,579.647,62.15386,0
04/23/2018,15:38:00,249,91601,5088.944,10000,0,659.2857,63.54063,0
04/23/2018,15:39:00,216,50521,2806.722,10000,0,1200,64.9274,0
04/23/2018,15:40:00,273,48487,2693.722,10000,0,1200,66.31417,0
04/23/2018,15:41:00,219,79558,4419.889,10000,0,1077.073,67.00759,0
04/23/2018,15:42:00,286,70128,3896,10000,0,1200,67.00759,0
04/23/2018,15:43:00,176,35326,1962.556,10000,0,1200,67.00759,0
04/23/2018,15:44:00,191,27125,1506.944,10000,0,1200,68.39436,0
04/23/2018,15:45:00,309,53326,2962.556,10000,0,1165.854,68.04765,0
04/23/2018,15:46:00,278,45576,2532,10000,0,900.125,68.39436,0
04/23/2018,15:47:00,161,44897,2494.278,10000,0,1193.171,68.39436,0
04/23/2018,15:48:00,106,11698,649.8889,10000,0,228.5587,68.39436,0
04/23/2018,15:49:00,168,49827,2768.167,10000,0,189.9862,68.39436,0
04/23/2018,15:50:00,232,51087,2838.167,10000,0,880.25,68.39436,0
04/23/2018,15:51:00,289,87539,4863.278,10000,0,913.375,68.39436,0
04/23/2018,15:52:00,208,86705,4816.944,10000,0,682.2857,68.39436,0
04/23/2018,15:53:00,256,120518,6695.444,10000,0,1090.732,67.00759,0
04/23/2018,15:54:00,300,74277,4126.5,10000,0,770.6667,67.00759,0
04/23/2018,15:55:00,293,99881,5548.944,10000,0,370.4898,67.00759,0
04/23/2018,15:56:00,295,49825,2768.056,10000,0,840.2727,67.00759,0
04/23/2018,15:57:00,298,80378,4465.444,10000,0,685.5714,66.31417,0
04/23/2018,15:58:00,281,58379,3243.278,10000,0,954.1464,66.31417,0
04/23/2018,15:59:00,283,91291,5071.722,10000,0,1193.171,66.31417,0
04/23/2018,16:00:00,172,62803,3489.056,10000,0,920,67.00759,0
04/23/2018,16:01:00,276,52024,2890.222,10000,0,1186.341,67.00759,0
04/23/2018,16:02:00,218,114264,6348,10000,0,803.8,67.00759,0
04/23/2018,16:03:00,156,11115,617.5,10000,0,1200,66.66088,0
04/23/2018,16:04:00,164,48151,2675.056,10000,0,1186.341,65.62082,0
04/23/2018,16:05:00,274,105747,5874.833,10000,0,485.7273,64.9274,0
04/23/2018,16:06:00,200,21456,1192,10000,0,649.8666,64.23405,0
04/23/2018,16:07:00,207,21830,1212.778,10000,0,329.7419,64.23405,0
04/23/2018,16:08:00,277,16163,897.9445,10000,0,1186.341,64.23405,0
04/23/2018,16:09:00,161,20190,1121.667,10000,0,1200,64.23405,0
04/23/2018,16:10:00,281,63595,3533.056,10000,0,981.4634,64.9274,0
04/23/2018,16:11:00,267,45457,2525.389,10000,0,451.7879,64.9274,0
04/23/2018,16:12:00,281,63686,3538.111,10000,0,367.551,65.62082,0
04/23/2018,16:13:00,293,57606,3200.333,10000,0,1152.195,65.62082,0
04/23/2018,16:14:00,283,90352,5019.556,10000,0,900.125,66.31417,0
04/23/2018,16:15:00,290,66782,3710.111,10000,0,920,65.62082,0
04/23/2018,16:16:00,303,84308,4683.778,10000,0,967.8049,65.62082,0
04/23/2018,16:17:00,305,81370,4520.556,10000,0,594.8235,65.62082,0
04/23/2018,16:18:00,305,53192,2955.111,10000,0,381.2653,65.62082,0
04/23/2018,16:19:00,274,190393,10577.39,10000,0,818,65.62082,0
04/23/2018,16:20:00,220,101899,5661.056,10000,0,69.24074,65.27411,0
04/23/2018,16:21:00,267,85426,4745.889,10000,0,23.56034,64.23405,0
04/23/2018,16:22:00,290,182101,10116.72,10000,0,91.05983,64.23405,0
04/23/2018,16:23:00,275,93665,5203.611,10000,0,70.35185,64.23405,0
04/23/2018,16:24:00,299,222946,12385.89,10000,0,105.9184,63.54063,0
04/23/2018,16:25:00,185,36365,2020.278,10000,0,107.1429,62.84722,0
04/23/2018,16:26:00,183,52076,2893.111,10000,0,132.9856,62.84722,0
04/23/2018,16:27:00,257,89644,4980.222,10000,0,139.1151,62.15386,0
04/23/2018,16:28:00,295,161605,8978.056,10000,0,155.9161,61.46045,0
04/23/2018,16:29:00,285,159648,8869.333,10000,0,94.60241,61.46045,0
04/23/2018,16:30:00,292,175346,9741.444,10000,0,152.6452,60.07368,0
04/23/2018,16:31:00,284,113073,6281.833,10000,0,45.38983,60.07368,0
04/23/2018,16:32:00,267,109399,6077.722,10000,0,33.65217,60.07368,0
04/23/2018,16:33:00,202,82028,4557.111,10000,0,235.7175,60.07368,0
04/23/2018,16:34:00,214,116711,6483.944,10000,0,189.1567,60.07368,0
04/23/2018,16:35:00,115,39743,2207.944,10000,0,214.3714,60.07368,0
04/23/2018,16:36:00,265,126676,7037.556,10000,0,109.2857,60.07368,0
04/23/2018,16:37:00,244,152519,8473.277,10000,0,98.26506,58.68691,0
04/23/2018,16:38:00,183,6751,375.0555,10000,0,23.08621,60.07368,0
04/23/2018,16:39:00,208,8183,454.6111,10000,0,33.13044,60.07368,0
04/23/2018,16:40:00,84,4285,238.0556,10000,0,32.43478,60.07368,0
04/23/2018,16:41:00,56,2579,143.2778,10000,0,37.04348,60.76709,0
04/23/2018,16:42:00,73,2939,163.2778,10000,0,35.30435,60.76709,0
04/23/2018,16:43:00,72,14675,815.2778,10000,0,26.21552,61.46045,0
04/23/2018,16:44:00,79,4799,266.6111,10000,0,19.41667,61.46045,0
04/23/2018,16:45:00,158,4132,229.5556,10000,0,20,61.46045,0
04/23/2018,16:46:00,145,4086,227,10000,0,21.18966,62.15386,0
04/23/2018,16:47:00,93,1893,105.1667,10000,0,13.5,62.84722,0
04/23/2018,16:48:00,76,3201,177.8333,10000,0,16,62.84722,0
04/23/2018,16:49:00,64,5344,296.8889,10000,0,30.19828,62.84722,0
04/23/2018,16:50:00,198,77628,4312.667,10000,0,77.63717,62.84722,0
04/23/2018,16:51:00,103,8652,480.6667,10000,0,26.59483,62.84722,0
04/23/2018,16:52:00,248,211831,11768.39,10000,0,75.33628,62.84722,0
04/23/2018,16:53:00,224,129598,7199.889,10000,0,63.40741,62.84722,0
04/23/2018,16:54:00,196,70573,3920.722,10000,0,59.35577,61.46045,0
04/23/2018,16:55:00,159,11225,623.6111,10000,0,26.97414,61.46045,0
04/23/2018,16:56:00,63,1354,75.22222,10000,0,15.33333,61.46045,0
04/23/2018,16:57:00,92,2101,116.7222,10000,0,17.83333,60.76709,0
04/23/2018,16:58:00,52,908,50.44444,10000,0,20.5,60.76709,0
04/23/2018,16:59:00,68,7285,404.7222,10000,0,28.2069,60.07368,0
04/23/2018,17:00:00,175,78587,4365.944,10000,0,67.11111,60.07368,0
04/23/2018,17:01:00,271,127680,7093.333,10000,0,39.73913,60.07368,0
04/23/2018,17:02:00,226,68098,3783.222,10000,0,24.50862,58.68691,0
04/23/2018,17:03:00,202,115077,6393.167,10000,0,29.43966,58.68691,0
04/23/2018,17:04:00,291,263419,14634.39,10000,0,79.84956,58.68691,0
04/23/2018,17:05:00,164,52871,2937.278,10000,0,49.62712,57.30014,0
04/23/2018,17:06:00,279,262333,14574.06,10000,0,49.45763,57.30014,0
04/23/2018,17:07:00,263,248204,13789.11,10000,0,59.875,57.30014,0
04/23/2018,17:08:00,264,210490,11693.89,10000,0,55.375,57.30014,0
04/23/2018,17:09:00,294,165875,9215.277,10000,0,54.68269,57.30014,0
04/23/2018,17:10:00,304,177536,9863.111,10000,0,57.97115,57.30014,0
04/23/2018,17:11:00,287,179608,9978.223,10000,0,61.74074,57.30014,0
04/23/2018,17:12:00,299,160154,8897.444,10000,0,57.19231,57.30014,0
04/23/2018,17:13:00,307,145599,8088.833,10000,0,57.71154,57.30014,0
04/23/2018,17:14:00,307,157699,8761.056,10000,0,60.48077,57.30014,0
04/23/2018,17:15:00,302,164742,9152.333,10000,0,59.35577,57.30014,0
04/23/2018,17:16:00,302,158372,8798.444,10000,0,60.13462,57.30014,0
04/23/2018,17:17:00,308,261453,14525.17,10000,0,33.21739,57.30014,0
04/23/2018,17:18:00,281,195307,10850.39,10000,0,60.82692,57.30014,0
04/23/2018,17:19:00,282,145210,8067.222,10000,0,59.52885,57.30014,0
04/23/2018,17:20:00,296,164969,9164.944,10000,0,63.12963,57.30014,0
04/23/2018,17:21:00,298,136495,7583.056,10000,0,59.61538,55.91331,0
04/23/2018,17:22:00,287,161108,8950.444,10000,0,61.46296,55.91331,0
04/23/2018,17:23:00,299,149055,8280.833,10000,0,61.46296,55.91331,0
04/23/2018,17:24:00,306,293350,16297.22,10000,0,54.85577,55.91331,0
04/23/2018,17:25:00,313,99814,5545.222,10000,0,48.18644,55.91331,0
04/23/2018,17:26:00,313,154648,8591.556,10000,0,48.44068,55.91331,0
04/23/2018,17:27:00,312,140256,7792,10000,0,53.90385,55.91331,0
04/23/2018,17:28:00,293,189679,10537.72,10000,0,55.98077,55.91331,0
04/23/2018,17:29:00,298,177430,9857.223,10000,0,57.45192,55.91331,0
04/23/2018,17:30:00,285,272840,15157.78,10000,0,60.22115,55.91331,0
04/23/2018,17:31:00,284,266555,14808.61,10000,0,65.53704,55.21995,0
04/23/2018,17:32:00,278,342364,19020.22,10000,0,42.50848,55.21995,0
04/23/2018,17:33:00,288,214811,11933.94,10000,0,57.10577,55.21995,0
04/23/2018,17:34:00,272,205631,11423.94,10000,0,51.74576,55.21995,0
04/23/2018,17:35:00,293,174166,9675.889,10000,0,58.31731,55.21995,0
04/23/2018,17:36:00,285,184740,10263.33,10000,0,55.02885,55.21995,0
04/23/2018,17:37:00,305,245363,13631.28,10000,0,93.73494,55.21995,0
04/23/2018,17:38:00,287,245808,13656,10000,0,50.05085,55.21995,0
04/23/2018,17:39:00,284,168022,9334.556,10000,0,57.19231,55.56666,0
04/23/2018,17:40:00,292,180691,10038.39,10000,0,55.72115,55.91331,0
04/23/2018,17:41:00,293,144714,8039.667,10000,0,58.05769,55.91331,0
04/23/2018,17:42:00,297,153220,8512.223,10000,0,56.84615,55.91331,0
04/23/2018,17:43:00,272,219153,12175.17,10000,0,61.64815,55.91331,0
04/23/2018,17:44:00,289,272254,15125.22,10000,0,92.96385,55.91331,0
04/23/2018,17:45:00,293,153035,8501.944,10000,0,60.22115,55.91331,0
04/23/2018,17:46:00,309,153389,8521.611,10000,0,57.01923,55.91331,0
04/23/2018,17:47:00,282,232290,12905,10000,0,56.67308,55.91331,0
04/23/2018,17:48:00,311,197229,10957.17,10000,0,54.68269,55.91331,0
04/23/2018,17:49:00,292,189421,10523.39,10000,0,58.57692,55.91331,0
04/23/2018,17:50:00,291,213144,11841.33,10000,0,63.31482,55.91331,0
04/23/2018,17:51:00,294,184042,10224.56,10000,0,59.61538,55.91331,0
04/23/2018,17:52:00,297,163613,9089.611,10000,0,55.80769,55.91331,0
04/23/2018,17:53:00,291,188398,10466.56,10000,0,59.61538,55.91331,0
04/23/2018,17:54:00,291,167164,9286.889,10000,0,59.61538,55.91331,0
04/23/2018,17:55:00,294,166231,9235.056,10000,0,58.49038,55.91331,0
04/23/2018,17:56:00,301,153545,8530.277,10000,0,55.20192,55.91331,0
04/23/2018,17:57:00,296,173686,9649.223,10000,0,59.61538,55.91331,0
04/23/2018,17:58:00,298,164560,9142.223,10000,0,48.86441,55.91331,0
04/23/2018,17:59:00,285,182676,10148.67,10000,0,51.06779,55.91331,0
04/23/2018,18:00:00,293,197330,10962.78,10000,0,49.71186,55.91331,0
04/23/2018,18:01:00,295,170370,9465,10000,0,52.17308,55.91331,0
04/23/2018,18:02:00,276,309699,17205.5,10000,0,51.15254,55.91331,0
04/23/2018,18:03:00,282,165461,9192.277,10000,0,56.67308,55.91331,0
04/23/2018,18:04:00,296,417759,23208.83,10000,0,48.77966,55.91331,0
04/23/2018,18:05:00,309,205477,11415.39,10000,0,46.83051,55.91331,0
04/23/2018,18:06:00,192,63411,3522.833,10000,0,45.72881,55.91331,0
04/23/2018,18:07:00,210,103273,5737.389,10000,0,31.81034,55.91331,0
04/23/2018,18:08:00,251,258344,14352.44,10000,0,76.84071,55.91331,0
04/23/2018,18:09:00,208,26915,1495.278,10000,0,23.08621,55.91331,0
04/23/2018,18:10:00,131,2082,115.6667,10000,0,5.04878,55.56666,0
04/23/2018,18:11:00,80,2229,123.8333,10000,0,5.04878,54.52654,0
04/23/2018,18:12:00,98,1921,106.7222,10000,0,4.95122,54.52654,0
04/23/2018,18:13:00,119,3351,186.1667,10000,0,4.560976,54.52654,0
04/23/2018,18:14:00,173,15598,866.5555,10000,0,3.195122,54.52654,0
04/23/2018,18:15:00,206,69535,3863.056,10000,0,12.41667,54.52654,0
04/23/2018,18:16:00,160,30626,1701.444,10000,0,7.195122,54.52654,0
04/23/2018,18:17:00,196,20316,1128.667,10000,0,9.634147,55.21995,0
04/23/2018,18:18:00,170,25554,1419.667,10000,0,8.560976,55.91331,0
04/23/2018,18:19:00,177,4573,254.0556,10000,0,7.780488,55.91331,0
04/23/2018,18:20:00,146,15420,856.6667,10000,0,8.365853,55.91331,0
04/23/2018,18:21:00,157,3344,185.7778,10000,0,5.829268,55.91331,0
04/23/2018,18:22:00,199,14654,814.1111,10000,0,7.292683,56.60672,0
04/23/2018,18:23:00,172,21981,1221.167,10000,0,9.341463,56.60672,0
04/23/2018,18:24:00,174,24044,1335.778,10000,0,7.292683,57.30014,0
04/23/2018,18:25:00,154,7645,424.7222,10000,0,4.853659,57.30014,0
04/23/2018,18:26:00,212,25826,1434.778,10000,0,6.317073,57.30014,0
04/23/2018,18:27:00,174,16399,911.0555,10000,0,3.97561,57.30014,0
04/23/2018,18:28:00,170,5873,326.2778,10000,0,2.963636,57.30014,0
04/23/2018,18:29:00,182,6966,387,10000,0,2.927273,57.30014,0
04/23/2018,18:30:00,54,1940,107.7778,10000,0,1.072727,57.99349,0
04/23/2018,18:31:00,126,5544,308,10000,0,1.872727,58.68691,0
04/23/2018,18:32:00,77,797,44.27778,10000,0,2.272727,58.68691,0
04/23/2018,18:33:00,186,45393,2521.833,10000,0,2.381818,58.68691,0
04/23/2018,18:34:00,180,37668,2092.667,10000,0,6.414634,58.68691,0
04/23/2018,18:35:00,204,119979,6665.5,10000,0,8.463414,58.68691,0
04/23/2018,18:36:00,294,227773,12654.06,10000,0,7.878049,60.07368,0
04/23/2018,18:37:00,196,87166,4842.556,10000,0,9.634147,58.68691,0
04/23/2018,18:38:00,157,35589,1977.167,10000,0,13,58.68691,0
04/23/2018,18:39:00,197,32348,1797.111,10000,0,22.13793,58.68691,0
04/23/2018,18:40:00,196,36452,2025.111,10000,0,11.08333,58.68691,0
04/23/2018,18:41:00,212,52085,2893.611,10000,0,8.95122,58.68691,0
04/23/2018,18:42:00,188,108075,6004.167,10000,0,9.536586,58.68691,0
04/23/2018,18:43:00,295,185300,10294.44,10000,0,39.65217,57.99349,0
04/23/2018,18:44:00,195,33149,1841.611,10000,0,12.08333,57.30014,0
04/23/2018,18:45:00,198,10523,584.6111,10000,0,12,57.30014,0
04/23/2018,18:46:00,202,6455,358.6111,10000,0,6.121951,57.30014,0
04/23/2018,18:47:00,155,8438,468.7778,10000,0,10.5122,57.99349,0
04/23/2018,18:48:00,193,28363,1575.722,10000,0,23.37069,57.30014,0
04/23/2018,18:49:00,174,16687,927.0555,10000,0,12.33333,57.30014,0
04/23/2018,18:50:00,158,13862,770.1111,10000,0,11.25,57.30014,0
04/23/2018,18:51:00,199,3582,199,10000,0,4.560976,57.30014,0
04/23/2018,18:52:00,161,26375,1465.278,10000,0,22.99138,57.30014,0
04/23/2018,18:53:00,176,24024,1334.667,10000,0,36.43478,57.99349,0
04/23/2018,18:54:00,277,77493,4305.167,10000,0,44.45763,57.30014,0
04/23/2018,18:55:00,179,68637,3813.167,10000,0,100.9184,57.30014,0
04/23/2018,18:56:00,300,98053,5447.389,10000,0,39.56522,57.30014,0
04/23/2018,18:57:00,244,143969,7998.278,10000,0,28.01724,57.30014,0
04/23/2018,18:58:00,203,70448,3913.778,10000,0,34.78261,57.30014,0
04/23/2018,18:59:00,276,76254,4236.333,10000,0,87.48718,57.30014,0
04/23/2018,19:00:00,259,20193,1121.833,10000,0,113.2143,57.30014,0
04/23/2018,19:01:00,212,26699,1483.278,10000,0,59.18269,56.60672,0
04/23/2018,19:02:00,297,125830,6990.556,10000,0,79.58407,57.30014,0
04/23/2018,19:03:00,182,63527,3529.278,10000,0,42.42373,57.30014,0
04/23/2018,19:04:00,163,47604,2644.667,10000,0,43.18644,56.95343,0
04/23/2018,19:05:00,160,22161,1231.167,10000,0,81.65812,56.95343,0
04/23/2018,19:06:00,177,103795,5766.389,10000,0,109.4898,57.30014,0
04/23/2018,19:07:00,245,91973,5109.611,10000,0,36,57.30014,0
04/23/2018,19:08:00,142,1223,67.94444,10000,0,3.097561,56.95343,0
04/23/2018,19:09:00,184,35592,1977.333,10000,0,15.75,55.91331,0
04/23/2018,19:10:00,196,58984,3276.889,10000,0,27.82759,56.60672,0
04/23/2018,19:11:00,238,24823,1379.056,10000,0,43.18644,55.91331,0
04/23/2018,19:12:00,206,45343,2519.056,10000,0,94.31326,56.95343,0
04/23/2018,19:13:00,198,42963,2386.833,10000,0,93.06024,56.60672,0
04/23/2018,19:14:00,163,26350,1463.889,10000,0,26.21552,56.60672,0
04/23/2018,19:15:00,158,55341,3074.5,10000,0,32.69565,56.60672,0
04/23/2018,19:16:00,161,40955,2275.278,10000,0,74.45132,57.30014,0
04/23/2018,19:17:00,203,53528,2973.778,10000,0,39.82609,56.95343,0
04/23/2018,19:18:00,105,11364,631.3333,10000,0,3.878049,57.30014,0
04/23/2018,19:19:00,226,52969,2942.722,10000,0,12,56.95343,0
04/23/2018,19:20:00,230,114041,6335.611,10000,0,10.90244,56.60672,0
04/23/2018,19:21:00,198,39401,2188.944,10000,0,1.618182,56.60672,0
04/23/2018,19:22:00,169,40723,2262.389,10000,0,3,57.30014,0
04/23/2018,19:23:00,180,97410,5411.667,10000,0,5.829268,57.30014,0
04/23/2018,19:24:00,309,166824,9268,10000,0,29.53448,57.30014,0
04/23/2018,19:25:00,317,221431,12301.72,10000,0,94.79518,57.30014,0
04/23/2018,19:26:00,287,96012,5334,10000,0,59.61538,57.30014,0
04/23/2018,19:27:00,208,64266,3570.333,10000,0,24.31897,57.30014,0
04/23/2018,19:28:00,303,176233,9790.723,10000,0,18.25,62.15386,0
04/23/2018,19:29:00,289,474776,26376.45,10000,0,35.04348,64.23405,0
04/23/2018,19:30:00,306,506170,28120.55,10000,0,22.89655,64.23405,0
04/23/2018,19:31:00,328,462672,25704,10000,0,21.75862,64.9274,0
04/23/2018,19:32:00,308,225044,12502.44,10000,0,22.0431,67.00759,0
04/23/2018,19:33:00,290,214015,11889.72,10000,0,15.08333,65.62082,0
04/23/2018,19:34:00,308,182817,10156.5,10000,0,17,67.00759,0
04/23/2018,19:35:00,306,304529,16918.28,10000,0,17,69.08778,0
04/23/2018,19:36:00,306,377695,20983.05,10000,0,43.35593,69.78113,0
04/23/2018,19:37:00,301,202599,11255.5,10000,0,49.11864,68.39436,0
04/23/2018,19:38:00,304,190004,10555.78,10000,0,16.08333,67.00759,0
04/23/2018,19:39:00,267,224611,12478.39,10000,0,26.02586,64.23405,0
04/23/2018,19:40:00,283,125705,6983.611,10000,0,15.08333,63.54063,0
04/23/2018,19:41:00,198,79617,4423.167,10000,0,14.08333,61.46045,0
04/23/2018,19:42:00,288,234267,13014.83,10000,0,18.08333,61.46045,0
04/23/2018,19:43:00,266,146078,8115.444,10000,0,27.35345,60.07368,0
04/23/2018,19:44:00,259,77851,4325.056,10000,0,42.16949,58.68691,0
04/23/2018,19:45:00,271,82804,4600.222,10000,0,32.78261,58.68691,0
04/23/2018,19:46:00,257,75734,4207.444,10000,0,20.66667,58.68691,0
04/23/2018,19:47:00,302,148037,8224.277,10000,0,20.25,58.68691,0
04/23/2018,19:48:00,282,152631,8479.5,10000,0,38.78261,58.68691,0
04/23/2018,19:49:00,314,235121,13062.28,0,0,24.03448,75.32827,0
